,TEAM,PTS_1H,PTS,HOME,OPP_EFG_PCT_RANK_LAST5,OPP_FTA_RATE_RANK_LAST5,OPP_TOV_PCT_RANK_LAST5,OPP_OREB_PCT_RANK_LAST5,OPP_EFG_PCT_RANK_LAST10,OPP_FTA_RATE_RANK_LAST10,OPP_TOV_PCT_RANK_LAST10,OPP_OREB_PCT_RANK_LAST10,OPP_EFG_PCT_RANK_LAST20,OPP_FTA_RATE_RANK_LAST20,OPP_TOV_PCT_RANK_LAST20,OPP_OREB_PCT_RANK_LAST20
0,ORL,54,116,False,11.0,7.0,23.0,19.0,3.0,2.0,23.0,17.0,3.0,6.0,10.0,8.0
1,CLE,50,109,True,23.0,23.0,11.0,16.0,19.0,29.0,2.0,5.0,17.0,22.0,1.0,16.0
2,DET,43,115,False,26.0,9.0,5.0,11.0,18.0,18.0,7.0,26.0,27.0,28.0,4.0,19.0
3,IND,72,129,True,21.0,30.0,4.0,2.0,23.0,27.0,26.0,1.0,26.0,25.0,28.0,4.0
4,NYK,69,110,False,10.0,25.0,9.0,9.0,22.0,28.0,18.0,16.0,19.0,30.0,8.0,29.0
5,PHI,46,96,True,29.0,20.0,10.0,7.0,27.0,14.0,5.0,6.0,5.0,5.0,19.0,5.0
6,BKN,48,93,False,16.0,14.0,19.0,18.0,21.0,4.0,19.0,28.0,23.0,3.0,9.0,30.0
7,TOR,59,121,True,27.0,19.0,14.0,24.0,26.0,22.0,15.0,22.0,10.0,26.0,17.0,20.0
8,PHX,63,113,False,1.0,4.0,16.0,15.0,5.0,11.0,25.0,14.0,13.0,23.0,24.0,21.0
9,DAL,60,123,True,4.0,15.0,12.0,26.0,6.0,10.0,14.0,23.0,8.0,7.0,21.0,22.0
10,BOS,59,129,False,24.0,21.0,26.0,12.0,16.0,24.0,8.0,13.0,20.0,14.0,22.0,6.0
11,CHI,62,112,True,5.0,6.0,28.0,3.0,2.0,5.0,29.0,19.0,1.0,2.0,30.0,12.0
12,HOU,50,105,False,18.0,22.0,1.0,22.0,12.0,16.0,1.0,20.0,12.0,12.0,5.0,13.0
13,NOP,63,127,True,12.0,26.0,20.0,17.0,14.0,25.0,12.0,10.0,15.0,24.0,11.0,15.0
14,LAC,59,107,False,9.0,13.0,7.0,23.0,10.0,7.0,6.0,24.0,4.0,11.0,3.0,23.0
15,OKC,61,129,True,15.0,3.0,22.0,25.0,13.0,3.0,17.0,25.0,11.0,8.0,15.0,24.0
16,WAS,49,110,False,14.0,12.0,21.0,4.0,7.0,19.0,21.0,8.0,7.0,20.0,26.0,10.0
17,DEN,72,130,True,25.0,18.0,24.0,20.0,25.0,21.0,24.0,21.0,9.0,21.0,12.0,26.0
18,CHA,56,115,False,30.0,17.0,30.0,10.0,30.0,12.0,30.0,15.0,28.0,15.0,29.0,11.0
19,UTA,52,107,True,3.0,8.0,18.0,6.0,17.0,15.0,11.0,4.0,30.0,17.0,20.0,3.0
20,LAL,56,110,False,13.0,24.0,12.0,13.0,4.0,20.0,22.0,9.0,14.0,16.0,23.0,14.0
21,GSW,67,128,True,7.0,1.0,27.0,30.0,9.0,1.0,28.0,29.0,16.0,1.0,25.0,25.0
22,SAS,57,122,False,19.0,27.0,25.0,8.0,29.0,26.0,16.0,3.0,25.0,19.0,13.0,7.0
23,SAC,65,127,True,28.0,2.0,6.0,14.0,24.0,6.0,9.0,11.0,22.0,4.0,7.0,18.0
24,WST,89,186,False,,,,,,,,,,,,
25,EST,104,211,True,,,,,,,,,,,,
26,MIL,57,110,False,6.0,11.0,2.0,29.0,20.0,13.0,3.0,27.0,21.0,10.0,2.0,28.0
27,MEM,57,113,True,17.0,16.0,15.0,5.0,15.0,17.0,10.0,7.0,18.0,18.0,27.0,2.0
28,GSW,84,140,False,30.0,17.0,30.0,10.0,30.0,12.0,30.0,15.0,28.0,15.0,29.0,11.0
29,UTA,71,137,True,13.0,24.0,12.0,13.0,4.0,20.0,22.0,9.0,14.0,16.0,23.0,14.0
30,MIN,66,128,False,22.0,28.0,17.0,28.0,11.0,23.0,13.0,30.0,24.0,27.0,16.0,27.0
31,POR,51,91,True,2.0,29.0,8.0,21.0,1.0,30.0,4.0,11.0,2.0,29.0,6.0,1.0
32,ATL,55,99,False,3.0,8.0,18.0,6.0,17.0,15.0,11.0,4.0,30.0,17.0,20.0,3.0
33,CHA,61,122,True,20.0,10.0,29.0,27.0,28.0,9.0,27.0,18.0,29.0,13.0,18.0,17.0
34,NYK,55,100,False,23.0,23.0,11.0,16.0,19.0,29.0,2.0,5.0,17.0,22.0,1.0,16.0
35,ORL,65,118,True,29.0,20.0,10.0,7.0,27.0,14.0,5.0,6.0,5.0,5.0,19.0,5.0
36,MIA,60,109,False,10.0,25.0,9.0,9.0,22.0,28.0,18.0,16.0,19.0,30.0,8.0,29.0
37,PHI,62,104,True,8.0,5.0,3.0,1.0,8.0,8.0,20.0,2.0,6.0,9.0,14.0,9.0
38,BKN,32,86,False,5.0,6.0,28.0,3.0,2.0,5.0,29.0,19.0,1.0,2.0,30.0,12.0
39,BOS,68,136,True,27.0,19.0,14.0,24.0,26.0,22.0,15.0,22.0,10.0,26.0,17.0,20.0
40,CHI,49,105,False,11.0,7.0,23.0,19.0,3.0,2.0,23.0,17.0,3.0,6.0,10.0,8.0
41,CLE,43,108,True,24.0,21.0,26.0,12.0,16.0,24.0,8.0,13.0,20.0,14.0,22.0,6.0
42,IND,65,127,False,16.0,14.0,19.0,18.0,21.0,4.0,19.0,28.0,23.0,3.0,9.0,30.0
43,TOR,71,125,True,26.0,9.0,5.0,11.0,18.0,18.0,7.0,26.0,27.0,28.0,4.0,19.0
44,HOU,49,113,False,6.0,11.0,2.0,29.0,20.0,13.0,3.0,27.0,21.0,10.0,2.0,28.0
45,MEM,58,121,True,12.0,26.0,20.0,17.0,14.0,25.0,12.0,10.0,15.0,24.0,11.0,15.0
46,WAS,60,126,False,18.0,22.0,1.0,22.0,12.0,16.0,1.0,20.0,12.0,12.0,5.0,13.0
47,NOP,68,133,True,25.0,18.0,24.0,20.0,25.0,21.0,24.0,21.0,9.0,21.0,12.0,26.0
48,SAS,51,93,False,1.0,4.0,16.0,15.0,5.0,11.0,25.0,14.0,13.0,23.0,24.0,21.0
49,DAL,56,116,True,28.0,2.0,6.0,14.0,24.0,6.0,9.0,11.0,22.0,4.0,7.0,18.0
50,SAC,41,102,False,14.0,12.0,21.0,4.0,7.0,19.0,21.0,8.0,7.0,20.0,26.0,10.0
51,DEN,53,98,True,19.0,27.0,25.0,8.0,29.0,26.0,16.0,3.0,25.0,19.0,13.0,7.0
52,DET,41,100,False,4.0,15.0,12.0,26.0,6.0,10.0,14.0,23.0,8.0,7.0,21.0,22.0
53,PHX,70,116,True,21.0,30.0,4.0,2.0,23.0,27.0,26.0,1.0,26.0,25.0,28.0,4.0
54,LAL,70,138,False,30.0,17.0,30.0,10.0,30.0,12.0,30.0,15.0,28.0,15.0,29.0,11.0
55,UTA,69,122,True,7.0,1.0,27.0,30.0,9.0,1.0,28.0,29.0,16.0,1.0,25.0,25.0
56,LAC,52,130,False,13.0,24.0,12.0,13.0,4.0,20.0,22.0,9.0,14.0,16.0,23.0,14.0
57,GSW,59,125,True,15.0,3.0,22.0,25.0,13.0,3.0,17.0,25.0,11.0,8.0,15.0,24.0
58,BOS,72,118,False,27.0,19.0,14.0,24.0,26.0,22.0,15.0,22.0,10.0,26.0,17.0,20.0
59,BKN,57,110,True,5.0,6.0,28.0,3.0,2.0,5.0,29.0,19.0,1.0,2.0,30.0,12.0
60,OKC,60,127,False,23.0,23.0,11.0,16.0,19.0,29.0,2.0,5.0,17.0,22.0,1.0,16.0
61,ORL,52,113,True,9.0,13.0,7.0,23.0,10.0,7.0,6.0,24.0,4.0,11.0,3.0,23.0
62,MIA,69,123,False,17.0,16.0,15.0,5.0,15.0,17.0,10.0,7.0,18.0,18.0,27.0,2.0
63,MIL,52,97,True,8.0,5.0,3.0,1.0,8.0,8.0,20.0,2.0,6.0,9.0,14.0,9.0
64,SAC,67,125,False,4.0,15.0,12.0,26.0,6.0,10.0,14.0,23.0,8.0,7.0,21.0,22.0
65,PHX,64,130,True,19.0,27.0,25.0,8.0,29.0,26.0,16.0,3.0,25.0,19.0,13.0,7.0
66,MIN,59,121,False,22.0,28.0,17.0,28.0,11.0,23.0,13.0,30.0,24.0,27.0,16.0,27.0
67,POR,51,109,True,2.0,29.0,8.0,21.0,1.0,30.0,4.0,11.0,2.0,29.0,6.0,1.0
68,DET,48,111,False,7.0,1.0,27.0,30.0,9.0,1.0,28.0,29.0,16.0,1.0,25.0,25.0
69,LAL,71,125,True,21.0,30.0,4.0,2.0,23.0,27.0,26.0,1.0,26.0,25.0,28.0,4.0
70,IND,49,102,False,3.0,8.0,18.0,6.0,17.0,15.0,11.0,4.0,30.0,17.0,20.0,3.0
71,CHA,48,111,True,26.0,9.0,5.0,11.0,18.0,18.0,7.0,26.0,27.0,28.0,4.0,19.0
72,PHI,66,123,False,11.0,7.0,23.0,19.0,3.0,2.0,23.0,17.0,3.0,6.0,10.0,8.0
73,CLE,62,121,True,10.0,25.0,9.0,9.0,22.0,28.0,18.0,16.0,19.0,30.0,8.0,29.0
74,CHI,60,136,False,20.0,10.0,29.0,27.0,28.0,9.0,27.0,18.0,29.0,13.0,18.0,17.0
75,ATL,59,126,True,24.0,21.0,26.0,12.0,16.0,24.0,8.0,13.0,20.0,14.0,22.0,6.0
76,SAS,67,122,False,16.0,14.0,19.0,18.0,21.0,4.0,19.0,28.0,23.0,3.0,9.0,30.0
77,TOR,50,99,True,28.0,2.0,6.0,14.0,24.0,6.0,9.0,11.0,22.0,4.0,7.0,18.0
78,NYK,43,103,False,12.0,26.0,20.0,17.0,14.0,25.0,12.0,10.0,15.0,24.0,11.0,15.0
79,HOU,57,105,True,29.0,20.0,10.0,7.0,27.0,14.0,5.0,6.0,5.0,5.0,19.0,5.0
80,NOP,61,96,False,6.0,11.0,2.0,29.0,20.0,13.0,3.0,27.0,21.0,10.0,2.0,28.0
81,MEM,47,87,True,18.0,22.0,1.0,22.0,12.0,16.0,1.0,20.0,12.0,12.0,5.0,13.0
82,DEN,44,95,False,17.0,16.0,15.0,5.0,15.0,17.0,10.0,7.0,18.0,18.0,27.0,2.0
83,MIL,60,112,True,14.0,12.0,21.0,4.0,7.0,19.0,21.0,8.0,7.0,20.0,26.0,10.0
84,WAS,58,104,False,1.0,4.0,16.0,15.0,5.0,11.0,25.0,14.0,13.0,23.0,24.0,21.0
85,DAL,51,112,True,25.0,18.0,24.0,20.0,25.0,21.0,24.0,21.0,9.0,21.0,12.0,26.0
86,GSW,63,129,False,30.0,17.0,30.0,10.0,30.0,12.0,30.0,15.0,28.0,15.0,29.0,11.0
87,UTA,55,107,True,13.0,24.0,12.0,13.0,4.0,20.0,22.0,9.0,14.0,16.0,23.0,14.0
88,MIN,49,121,False,15.0,3.0,22.0,25.0,13.0,3.0,17.0,25.0,11.0,8.0,15.0,24.0
89,LAC,53,100,True,2.0,29.0,8.0,21.0,1.0,30.0,4.0,11.0,2.0,29.0,6.0,1.0
90,BOS,59,110,False,8.0,5.0,3.0,1.0,8.0,8.0,20.0,2.0,6.0,9.0,14.0,9.0
91,MIA,50,106,True,5.0,6.0,28.0,3.0,2.0,5.0,29.0,19.0,1.0,2.0,30.0,12.0
92,SAC,57,113,False,9.0,13.0,7.0,23.0,10.0,7.0,6.0,24.0,4.0,11.0,3.0,23.0
93,OKC,67,127,True,19.0,27.0,25.0,8.0,29.0,26.0,16.0,3.0,25.0,19.0,13.0,7.0
94,OKC,62,111,False,1.0,4.0,16.0,15.0,5.0,11.0,25.0,14.0,13.0,23.0,24.0,21.0
95,DAL,71,146,True,9.0,13.0,7.0,23.0,10.0,7.0,6.0,24.0,4.0,11.0,3.0,23.0
96,DET,58,106,False,15.0,3.0,22.0,25.0,13.0,3.0,17.0,25.0,11.0,8.0,15.0,24.0
97,LAC,49,112,True,21.0,30.0,4.0,2.0,23.0,27.0,26.0,1.0,26.0,25.0,28.0,4.0
98,SAS,48,103,False,27.0,19.0,14.0,24.0,26.0,22.0,15.0,22.0,10.0,26.0,17.0,20.0
99,BKN,60,123,True,28.0,2.0,6.0,14.0,24.0,6.0,9.0,11.0,22.0,4.0,7.0,18.0
100,MEM,49,106,False,3.0,8.0,18.0,6.0,17.0,15.0,11.0,4.0,30.0,17.0,20.0,3.0
101,CHA,58,115,True,6.0,11.0,2.0,29.0,20.0,13.0,3.0,27.0,21.0,10.0,2.0,28.0
102,CHI,50,108,False,23.0,23.0,11.0,16.0,19.0,29.0,2.0,5.0,17.0,22.0,1.0,16.0
103,ORL,52,114,True,24.0,21.0,26.0,12.0,16.0,24.0,8.0,13.0,20.0,14.0,22.0,6.0
104,PHI,59,119,False,25.0,18.0,24.0,20.0,25.0,21.0,24.0,21.0,9.0,21.0,12.0,26.0
105,WAS,56,113,True,10.0,25.0,9.0,9.0,22.0,28.0,18.0,16.0,19.0,30.0,8.0,29.0
106,HOU,49,113,False,20.0,10.0,29.0,27.0,28.0,9.0,27.0,18.0,29.0,13.0,18.0,17.0
107,ATL,57,122,True,12.0,26.0,20.0,17.0,14.0,25.0,12.0,10.0,15.0,24.0,11.0,15.0
108,IND,61,125,False,29.0,20.0,10.0,7.0,27.0,14.0,5.0,6.0,5.0,5.0,19.0,5.0
109,NYK,58,111,True,26.0,9.0,5.0,11.0,18.0,18.0,7.0,26.0,27.0,28.0,4.0,19.0
110,CLE,67,119,False,16.0,14.0,19.0,18.0,21.0,4.0,19.0,28.0,23.0,3.0,9.0,30.0
111,TOR,47,95,True,11.0,7.0,23.0,19.0,3.0,2.0,23.0,17.0,3.0,6.0,10.0,8.0
112,PHX,58,112,False,13.0,24.0,12.0,13.0,4.0,20.0,22.0,9.0,14.0,16.0,23.0,14.0
113,GSW,59,113,True,4.0,15.0,12.0,26.0,6.0,10.0,14.0,23.0,8.0,7.0,21.0,22.0
114,NOP,47,93,False,22.0,28.0,17.0,28.0,11.0,23.0,13.0,30.0,24.0,27.0,16.0,27.0
115,POR,40,84,True,18.0,22.0,1.0,22.0,12.0,16.0,1.0,20.0,12.0,12.0,5.0,13.0
116,ATL,73,127,False,10.0,25.0,9.0,9.0,22.0,28.0,18.0,16.0,19.0,30.0,8.0,29.0
117,PHI,56,121,True,20.0,10.0,29.0,27.0,28.0,9.0,27.0,18.0,29.0,13.0,18.0,17.0
118,WAS,71,129,False,5.0,6.0,28.0,3.0,2.0,5.0,29.0,19.0,1.0,2.0,30.0,12.0
119,BOS,64,133,True,25.0,18.0,24.0,20.0,25.0,21.0,24.0,21.0,9.0,21.0,12.0,26.0
120,HOU,49,104,False,16.0,14.0,19.0,18.0,21.0,4.0,19.0,28.0,23.0,3.0,9.0,30.0
121,TOR,61,107,True,12.0,26.0,20.0,17.0,14.0,25.0,12.0,10.0,15.0,24.0,11.0,15.0
122,CHA,38,84,False,17.0,16.0,15.0,5.0,15.0,17.0,10.0,7.0,18.0,18.0,27.0,2.0
123,MIL,66,120,True,3.0,8.0,18.0,6.0,17.0,15.0,11.0,4.0,30.0,17.0,20.0,3.0
124,DEN,57,106,False,19.0,27.0,25.0,8.0,29.0,26.0,16.0,3.0,25.0,19.0,13.0,7.0
125,SAC,67,135,True,14.0,12.0,21.0,4.0,7.0,19.0,21.0,8.0,7.0,20.0,26.0,10.0
126,NOP,74,122,False,7.0,1.0,27.0,30.0,9.0,1.0,28.0,29.0,16.0,1.0,25.0,25.0
127,LAL,87,139,True,18.0,22.0,1.0,22.0,12.0,16.0,1.0,20.0,12.0,12.0,5.0,13.0
128,GSW,70,131,False,26.0,9.0,5.0,11.0,18.0,18.0,7.0,26.0,27.0,28.0,4.0,19.0
129,IND,58,109,True,13.0,24.0,12.0,13.0,4.0,20.0,22.0,9.0,14.0,16.0,23.0,14.0
130,SAS,44,111,False,23.0,23.0,11.0,16.0,19.0,29.0,2.0,5.0,17.0,22.0,1.0,16.0
131,ORL,61,127,True,28.0,2.0,6.0,14.0,24.0,6.0,9.0,11.0,22.0,4.0,7.0,18.0
132,CLE,59,118,False,27.0,19.0,14.0,24.0,26.0,22.0,15.0,22.0,10.0,26.0,17.0,20.0
133,BKN,51,95,True,11.0,7.0,23.0,19.0,3.0,2.0,23.0,17.0,3.0,6.0,10.0,8.0
134,DAL,59,122,False,29.0,20.0,10.0,7.0,27.0,14.0,5.0,6.0,5.0,5.0,19.0,5.0
135,NYK,48,108,True,1.0,4.0,16.0,15.0,5.0,11.0,25.0,14.0,13.0,23.0,24.0,21.0
136,CHI,52,118,False,6.0,11.0,2.0,29.0,20.0,13.0,3.0,27.0,21.0,10.0,2.0,28.0
137,MEM,56,110,True,24.0,21.0,26.0,12.0,16.0,24.0,8.0,13.0,20.0,14.0,22.0,6.0
138,MIN,63,129,False,17.0,16.0,15.0,5.0,15.0,17.0,10.0,7.0,18.0,18.0,27.0,2.0
139,MIL,53,105,True,2.0,29.0,8.0,21.0,1.0,30.0,4.0,11.0,2.0,29.0,6.0,1.0
140,UTA,66,115,False,4.0,15.0,12.0,26.0,6.0,10.0,14.0,23.0,8.0,7.0,21.0,22.0
141,PHX,75,129,True,30.0,17.0,30.0,10.0,30.0,12.0,30.0,15.0,28.0,15.0,29.0,11.0
142,DEN,59,114,False,7.0,1.0,27.0,30.0,9.0,1.0,28.0,29.0,16.0,1.0,25.0,25.0
143,LAL,49,106,True,14.0,12.0,21.0,4.0,7.0,19.0,21.0,8.0,7.0,20.0,26.0,10.0
144,DET,56,128,False,22.0,28.0,17.0,28.0,11.0,23.0,13.0,30.0,24.0,27.0,16.0,27.0
145,POR,71,122,True,21.0,30.0,4.0,2.0,23.0,27.0,26.0,1.0,26.0,25.0,28.0,4.0
146,TOR,54,123,False,3.0,8.0,18.0,6.0,17.0,15.0,11.0,4.0,30.0,17.0,20.0,3.0
147,CHA,60,117,True,16.0,14.0,19.0,18.0,21.0,4.0,19.0,28.0,23.0,3.0,9.0,30.0
148,CLE,57,114,False,25.0,18.0,24.0,20.0,25.0,21.0,24.0,21.0,9.0,21.0,12.0,26.0
149,WAS,57,106,True,11.0,7.0,23.0,19.0,3.0,2.0,23.0,17.0,3.0,6.0,10.0,8.0
150,GSW,48,127,False,10.0,25.0,9.0,9.0,22.0,28.0,18.0,16.0,19.0,30.0,8.0,29.0
151,PHI,45,104,True,13.0,24.0,12.0,13.0,4.0,20.0,22.0,9.0,14.0,16.0,23.0,14.0
152,ATL,67,117,False,5.0,6.0,28.0,3.0,2.0,5.0,29.0,19.0,1.0,2.0,30.0,12.0
153,BOS,71,125,True,20.0,10.0,29.0,27.0,28.0,9.0,27.0,18.0,29.0,13.0,18.0,17.0
154,SAS,51,104,False,8.0,5.0,3.0,1.0,8.0,8.0,20.0,2.0,6.0,9.0,14.0,9.0
155,MIA,53,116,True,28.0,2.0,6.0,14.0,24.0,6.0,9.0,11.0,22.0,4.0,7.0,18.0
156,NOP,55,117,False,15.0,3.0,22.0,25.0,13.0,3.0,17.0,25.0,11.0,8.0,15.0,24.0
157,LAC,47,106,True,18.0,22.0,1.0,22.0,12.0,16.0,1.0,20.0,12.0,12.0,5.0,13.0
158,DET,70,133,False,19.0,27.0,25.0,8.0,29.0,26.0,16.0,3.0,25.0,19.0,13.0,7.0
159,SAC,63,120,True,21.0,30.0,4.0,2.0,23.0,27.0,26.0,1.0,26.0,25.0,28.0,4.0
160,HOU,75,129,False,26.0,9.0,5.0,11.0,18.0,18.0,7.0,26.0,27.0,28.0,4.0,19.0
161,IND,68,132,True,12.0,26.0,20.0,17.0,14.0,25.0,12.0,10.0,15.0,24.0,11.0,15.0
162,DAL,65,119,False,27.0,19.0,14.0,24.0,26.0,22.0,15.0,22.0,10.0,26.0,17.0,20.0
163,BKN,47,107,True,1.0,4.0,16.0,15.0,5.0,11.0,25.0,14.0,13.0,23.0,24.0,21.0
164,ORL,49,95,False,8.0,5.0,3.0,1.0,8.0,8.0,20.0,2.0,6.0,9.0,14.0,9.0
165,MIA,56,121,True,23.0,23.0,11.0,16.0,19.0,29.0,2.0,5.0,17.0,22.0,1.0,16.0
166,MEM,46,113,False,29.0,20.0,10.0,7.0,27.0,14.0,5.0,6.0,5.0,5.0,19.0,5.0
167,NYK,70,123,True,6.0,11.0,2.0,29.0,20.0,13.0,3.0,27.0,21.0,10.0,2.0,28.0
168,MIN,69,123,False,24.0,21.0,26.0,12.0,16.0,24.0,8.0,13.0,20.0,14.0,22.0,6.0
169,CHI,47,129,True,2.0,29.0,8.0,21.0,1.0,30.0,4.0,11.0,2.0,29.0,6.0,1.0
170,OKC,68,117,False,30.0,17.0,30.0,10.0,30.0,12.0,30.0,15.0,28.0,15.0,29.0,11.0
171,UTA,61,124,True,9.0,13.0,7.0,23.0,10.0,7.0,6.0,24.0,4.0,11.0,3.0,23.0
172,MIL,49,106,False,4.0,15.0,12.0,26.0,6.0,10.0,14.0,23.0,8.0,7.0,21.0,22.0
173,PHX,48,114,True,17.0,16.0,15.0,5.0,15.0,17.0,10.0,7.0,18.0,18.0,27.0,2.0
174,LAL,74,124,False,3.0,8.0,18.0,6.0,17.0,15.0,11.0,4.0,30.0,17.0,20.0,3.0
175,CHA,58,118,True,7.0,1.0,27.0,30.0,9.0,1.0,28.0,29.0,16.0,1.0,25.0,25.0
176,SAC,59,110,False,11.0,7.0,23.0,19.0,3.0,2.0,23.0,17.0,3.0,6.0,10.0,8.0
177,CLE,74,136,True,19.0,27.0,25.0,8.0,29.0,26.0,16.0,3.0,25.0,19.0,13.0,7.0
178,DAL,53,118,False,10.0,25.0,9.0,9.0,22.0,28.0,18.0,16.0,19.0,30.0,8.0,29.0
179,PHI,57,102,True,1.0,4.0,16.0,15.0,5.0,11.0,25.0,14.0,13.0,23.0,24.0,21.0
180,LAC,66,149,False,20.0,10.0,29.0,27.0,28.0,9.0,27.0,18.0,29.0,13.0,18.0,17.0
181,ATL,66,144,True,15.0,3.0,22.0,25.0,13.0,3.0,17.0,25.0,11.0,8.0,15.0,24.0
182,GSW,43,109,False,27.0,19.0,14.0,24.0,26.0,22.0,15.0,22.0,10.0,26.0,17.0,20.0
183,BKN,49,98,True,13.0,24.0,12.0,13.0,4.0,20.0,22.0,9.0,14.0,16.0,23.0,14.0
184,TOR,50,100,False,18.0,22.0,1.0,22.0,12.0,16.0,1.0,20.0,12.0,12.0,5.0,13.0
185,NOP,67,138,True,16.0,14.0,19.0,18.0,21.0,4.0,19.0,28.0,23.0,3.0,9.0,30.0
186,ORL,50,111,False,21.0,30.0,4.0,2.0,23.0,27.0,26.0,1.0,26.0,25.0,28.0,4.0
187,DET,47,99,True,23.0,23.0,11.0,16.0,19.0,29.0,2.0,5.0,17.0,22.0,1.0,16.0
188,PHX,79,140,False,25.0,18.0,24.0,20.0,25.0,21.0,24.0,21.0,9.0,21.0,12.0,26.0
189,WAS,58,112,True,4.0,15.0,12.0,26.0,6.0,10.0,14.0,23.0,8.0,7.0,21.0,22.0
190,MEM,50,91,False,5.0,6.0,28.0,3.0,2.0,5.0,29.0,19.0,1.0,2.0,30.0,12.0
191,BOS,70,131,True,6.0,11.0,2.0,29.0,20.0,13.0,3.0,27.0,21.0,10.0,2.0,28.0
192,IND,55,115,False,3.0,8.0,18.0,6.0,17.0,15.0,11.0,4.0,30.0,17.0,20.0,3.0
193,CHA,44,99,True,26.0,9.0,5.0,11.0,18.0,18.0,7.0,26.0,27.0,28.0,4.0,19.0
194,LAC,43,103,False,8.0,5.0,3.0,1.0,8.0,8.0,20.0,2.0,6.0,9.0,14.0,9.0
195,MIA,43,95,True,15.0,3.0,22.0,25.0,13.0,3.0,17.0,25.0,11.0,8.0,15.0,24.0
196,HOU,44,90,False,2.0,29.0,8.0,21.0,1.0,30.0,4.0,11.0,2.0,29.0,6.0,1.0
197,MIN,48,111,True,12.0,26.0,20.0,17.0,14.0,25.0,12.0,10.0,15.0,24.0,11.0,15.0
198,TOR,63,127,False,9.0,13.0,7.0,23.0,10.0,7.0,6.0,24.0,4.0,11.0,3.0,23.0
199,OKC,47,135,True,16.0,14.0,19.0,18.0,21.0,4.0,19.0,28.0,23.0,3.0,9.0,30.0
200,MIL,63,108,False,30.0,17.0,30.0,10.0,30.0,12.0,30.0,15.0,28.0,15.0,29.0,11.0
201,UTA,53,123,True,17.0,16.0,15.0,5.0,15.0,17.0,10.0,7.0,18.0,18.0,27.0,2.0
202,POR,63,103,False,14.0,12.0,21.0,4.0,7.0,19.0,21.0,8.0,7.0,20.0,26.0,10.0
203,DEN,60,112,True,22.0,28.0,17.0,28.0,11.0,23.0,13.0,30.0,24.0,27.0,16.0,27.0
204,BKN,67,136,False,10.0,25.0,9.0,9.0,22.0,28.0,18.0,16.0,19.0,30.0,8.0,29.0
205,PHI,51,121,True,27.0,19.0,14.0,24.0,26.0,22.0,15.0,22.0,10.0,26.0,17.0,20.0
206,GSW,64,134,False,20.0,10.0,29.0,27.0,28.0,9.0,27.0,18.0,29.0,13.0,18.0,17.0
207,ATL,64,141,True,13.0,24.0,12.0,13.0,4.0,20.0,22.0,9.0,14.0,16.0,23.0,14.0
208,SAC,71,123,False,24.0,21.0,26.0,12.0,16.0,24.0,8.0,13.0,20.0,14.0,22.0,6.0
209,CHI,52,115,True,19.0,27.0,25.0,8.0,29.0,26.0,16.0,3.0,25.0,19.0,13.0,7.0
210,LAL,59,113,False,29.0,20.0,10.0,7.0,27.0,14.0,5.0,6.0,5.0,5.0,19.0,5.0
211,NYK,59,105,True,7.0,1.0,27.0,30.0,9.0,1.0,28.0,29.0,16.0,1.0,25.0,25.0
212,MIL,60,129,False,1.0,4.0,16.0,15.0,5.0,11.0,25.0,14.0,13.0,23.0,24.0,21.0
213,DAL,65,117,True,17.0,16.0,15.0,5.0,15.0,17.0,10.0,7.0,18.0,18.0,27.0,2.0
214,CLE,67,117,False,28.0,2.0,6.0,14.0,24.0,6.0,9.0,11.0,22.0,4.0,7.0,18.0
215,SAS,45,101,True,11.0,7.0,23.0,19.0,3.0,2.0,23.0,17.0,3.0,6.0,10.0,8.0
216,LAC,65,136,False,21.0,30.0,4.0,2.0,23.0,27.0,26.0,1.0,26.0,25.0,28.0,4.0
217,DET,59,125,True,15.0,3.0,22.0,25.0,13.0,3.0,17.0,25.0,11.0,8.0,15.0,24.0
218,MIA,56,110,False,25.0,18.0,24.0,20.0,25.0,21.0,24.0,21.0,9.0,21.0,12.0,26.0
219,WAS,59,102,True,8.0,5.0,3.0,1.0,8.0,8.0,20.0,2.0,6.0,9.0,14.0,9.0
220,PHX,63,120,False,20.0,10.0,29.0,27.0,28.0,9.0,27.0,18.0,29.0,13.0,18.0,17.0
221,ATL,66,129,True,4.0,15.0,12.0,26.0,6.0,10.0,14.0,23.0,8.0,7.0,21.0,22.0
222,SAC,71,133,False,26.0,9.0,5.0,11.0,18.0,18.0,7.0,26.0,27.0,28.0,4.0,19.0
223,IND,64,122,True,19.0,27.0,25.0,8.0,29.0,26.0,16.0,3.0,25.0,19.0,13.0,7.0
224,TOR,47,106,False,12.0,26.0,20.0,17.0,14.0,25.0,12.0,10.0,15.0,24.0,11.0,15.0
225,HOU,66,135,True,16.0,14.0,19.0,18.0,21.0,4.0,19.0,28.0,23.0,3.0,9.0,30.0
226,GSW,57,121,False,6.0,11.0,2.0,29.0,20.0,13.0,3.0,27.0,21.0,10.0,2.0,28.0
227,MEM,47,101,True,13.0,24.0,12.0,13.0,4.0,20.0,22.0,9.0,14.0,16.0,23.0,14.0
228,ORL,54,108,False,2.0,29.0,8.0,21.0,1.0,30.0,4.0,11.0,2.0,29.0,6.0,1.0
229,MIN,59,106,True,23.0,23.0,11.0,16.0,19.0,29.0,2.0,5.0,17.0,22.0,1.0,16.0
230,CHA,42,106,False,9.0,13.0,7.0,23.0,10.0,7.0,6.0,24.0,4.0,11.0,3.0,23.0
231,OKC,73,126,True,3.0,8.0,18.0,6.0,17.0,15.0,11.0,4.0,30.0,17.0,20.0,3.0
232,NOP,58,114,False,28.0,2.0,6.0,14.0,24.0,6.0,9.0,11.0,22.0,4.0,7.0,18.0
233,SAS,65,113,True,18.0,22.0,1.0,22.0,12.0,16.0,1.0,20.0,12.0,12.0,5.0,13.0
234,POR,55,108,False,14.0,12.0,21.0,4.0,7.0,19.0,21.0,8.0,7.0,20.0,26.0,10.0
235,DEN,59,120,True,22.0,28.0,17.0,28.0,11.0,23.0,13.0,30.0,24.0,27.0,16.0,27.0
236,LAL,60,114,False,5.0,6.0,28.0,3.0,2.0,5.0,29.0,19.0,1.0,2.0,30.0,12.0
237,BOS,46,105,True,7.0,1.0,27.0,30.0,9.0,1.0,28.0,29.0,16.0,1.0,25.0,25.0
238,IND,58,105,False,29.0,20.0,10.0,7.0,27.0,14.0,5.0,6.0,5.0,5.0,19.0,5.0
239,NYK,51,109,True,26.0,9.0,5.0,11.0,18.0,18.0,7.0,26.0,27.0,28.0,4.0,19.0
240,CLE,51,108,False,6.0,11.0,2.0,29.0,20.0,13.0,3.0,27.0,21.0,10.0,2.0,28.0
241,MEM,58,101,True,11.0,7.0,23.0,19.0,3.0,2.0,23.0,17.0,3.0,6.0,10.0,8.0
242,PHI,71,127,False,30.0,17.0,30.0,10.0,30.0,12.0,30.0,15.0,28.0,15.0,29.0,11.0
243,UTA,61,124,True,10.0,25.0,9.0,9.0,22.0,28.0,18.0,16.0,19.0,30.0,8.0,29.0
244,CHI,57,117,False,3.0,8.0,18.0,6.0,17.0,15.0,11.0,4.0,30.0,17.0,20.0,3.0
245,CHA,59,110,True,24.0,21.0,26.0,12.0,16.0,24.0,8.0,13.0,20.0,14.0,22.0,6.0
246,DET,57,121,False,11.0,7.0,23.0,19.0,3.0,2.0,23.0,17.0,3.0,6.0,10.0,8.0
247,CLE,64,128,True,21.0,30.0,4.0,2.0,23.0,27.0,26.0,1.0,26.0,25.0,28.0,4.0
248,LAC,66,125,False,25.0,18.0,24.0,20.0,25.0,21.0,24.0,21.0,9.0,21.0,12.0,26.0
249,WAS,60,109,True,15.0,3.0,22.0,25.0,13.0,3.0,17.0,25.0,11.0,8.0,15.0,24.0
250,SAC,55,106,False,8.0,5.0,3.0,1.0,8.0,8.0,20.0,2.0,6.0,9.0,14.0,9.0
251,MIA,59,115,True,19.0,27.0,25.0,8.0,29.0,26.0,16.0,3.0,25.0,19.0,13.0,7.0
252,NOP,61,110,False,12.0,26.0,20.0,17.0,14.0,25.0,12.0,10.0,15.0,24.0,11.0,15.0
253,HOU,54,99,True,18.0,22.0,1.0,22.0,12.0,16.0,1.0,20.0,12.0,12.0,5.0,13.0
254,DAL,48,87,False,2.0,29.0,8.0,21.0,1.0,30.0,4.0,11.0,2.0,29.0,6.0,1.0
255,MIN,52,121,True,1.0,4.0,16.0,15.0,5.0,11.0,25.0,14.0,13.0,23.0,24.0,21.0
256,ORL,57,108,False,28.0,2.0,6.0,14.0,24.0,6.0,9.0,11.0,22.0,4.0,7.0,18.0
257,SAS,51,98,True,23.0,23.0,11.0,16.0,19.0,29.0,2.0,5.0,17.0,22.0,1.0,16.0
258,DEN,51,100,False,9.0,13.0,7.0,23.0,10.0,7.0,6.0,24.0,4.0,11.0,3.0,23.0
259,OKC,47,105,True,14.0,12.0,21.0,4.0,7.0,19.0,21.0,8.0,7.0,20.0,26.0,10.0
260,PHX,64,136,False,27.0,19.0,14.0,24.0,26.0,22.0,15.0,22.0,10.0,26.0,17.0,20.0
261,BKN,61,120,True,4.0,15.0,12.0,26.0,6.0,10.0,14.0,23.0,8.0,7.0,21.0,22.0
262,MIL,65,116,False,22.0,28.0,17.0,28.0,11.0,23.0,13.0,30.0,24.0,27.0,16.0,27.0
263,POR,67,119,True,17.0,16.0,15.0,5.0,15.0,17.0,10.0,7.0,18.0,18.0,27.0,2.0
264,LAL,56,122,False,20.0,10.0,29.0,27.0,28.0,9.0,27.0,18.0,29.0,13.0,18.0,17.0
265,ATL,67,138,True,7.0,1.0,27.0,30.0,9.0,1.0,28.0,29.0,16.0,1.0,25.0,25.0
266,IND,66,124,False,5.0,6.0,28.0,3.0,2.0,5.0,29.0,19.0,1.0,2.0,30.0,12.0
267,BOS,81,129,True,26.0,9.0,5.0,11.0,18.0,18.0,7.0,26.0,27.0,28.0,4.0,19.0
268,UTA,49,103,False,29.0,20.0,10.0,7.0,27.0,14.0,5.0,6.0,5.0,5.0,19.0,5.0
269,NYK,57,118,True,30.0,17.0,30.0,10.0,30.0,12.0,30.0,15.0,28.0,15.0,29.0,11.0
270,TOR,53,118,False,24.0,21.0,26.0,12.0,16.0,24.0,8.0,13.0,20.0,14.0,22.0,6.0
271,CHI,63,107,True,16.0,14.0,19.0,18.0,21.0,4.0,19.0,28.0,23.0,3.0,9.0,30.0
272,PHI,50,107,False,13.0,24.0,12.0,13.0,4.0,20.0,22.0,9.0,14.0,16.0,23.0,14.0
273,GSW,52,119,True,10.0,25.0,9.0,9.0,22.0,28.0,18.0,16.0,19.0,30.0,8.0,29.0
274,NYK,46,113,False,3.0,8.0,18.0,6.0,17.0,15.0,11.0,4.0,30.0,17.0,20.0,3.0
275,CHA,43,92,True,29.0,20.0,10.0,7.0,27.0,14.0,5.0,6.0,5.0,5.0,19.0,5.0
276,LAC,52,108,False,11.0,7.0,23.0,19.0,3.0,2.0,23.0,17.0,3.0,6.0,10.0,8.0
277,CLE,56,118,True,15.0,3.0,22.0,25.0,13.0,3.0,17.0,25.0,11.0,8.0,15.0,24.0
278,NOP,60,112,False,5.0,6.0,28.0,3.0,2.0,5.0,29.0,19.0,1.0,2.0,30.0,12.0
279,BOS,50,118,True,18.0,22.0,1.0,22.0,12.0,16.0,1.0,20.0,12.0,12.0,5.0,13.0
280,UTA,57,114,False,27.0,19.0,14.0,24.0,26.0,22.0,15.0,22.0,10.0,26.0,17.0,20.0
281,BKN,71,147,True,30.0,17.0,30.0,10.0,30.0,12.0,30.0,15.0,28.0,15.0,29.0,11.0
282,PHX,62,118,False,8.0,5.0,3.0,1.0,8.0,8.0,20.0,2.0,6.0,9.0,14.0,9.0
283,MIA,49,105,True,4.0,15.0,12.0,26.0,6.0,10.0,14.0,23.0,8.0,7.0,21.0,22.0
284,LAL,60,119,False,12.0,26.0,20.0,17.0,14.0,25.0,12.0,10.0,15.0,24.0,11.0,15.0
285,HOU,78,135,True,7.0,1.0,27.0,30.0,9.0,1.0,28.0,29.0,16.0,1.0,25.0,25.0
286,SAC,47,103,False,6.0,11.0,2.0,29.0,20.0,13.0,3.0,27.0,21.0,10.0,2.0,28.0
287,MEM,50,94,True,19.0,27.0,25.0,8.0,29.0,26.0,16.0,3.0,25.0,19.0,13.0,7.0
288,MIN,49,107,False,9.0,13.0,7.0,23.0,10.0,7.0,6.0,24.0,4.0,11.0,3.0,23.0
289,OKC,47,101,True,2.0,29.0,8.0,21.0,1.0,30.0,4.0,11.0,2.0,29.0,6.0,1.0
290,WAS,54,118,False,28.0,2.0,6.0,14.0,24.0,6.0,9.0,11.0,22.0,4.0,7.0,18.0
291,SAS,58,113,True,25.0,18.0,24.0,20.0,25.0,21.0,24.0,21.0,9.0,21.0,12.0,26.0
292,ORL,77,129,False,1.0,4.0,16.0,15.0,5.0,11.0,25.0,14.0,13.0,23.0,24.0,21.0
293,DAL,61,131,True,23.0,23.0,11.0,16.0,19.0,29.0,2.0,5.0,17.0,22.0,1.0,16.0
294,MIL,56,107,False,14.0,12.0,21.0,4.0,7.0,19.0,21.0,8.0,7.0,20.0,26.0,10.0
295,DEN,56,113,True,17.0,16.0,15.0,5.0,15.0,17.0,10.0,7.0,18.0,18.0,27.0,2.0
296,PHI,55,104,False,22.0,28.0,17.0,28.0,11.0,23.0,13.0,30.0,24.0,27.0,16.0,27.0
297,POR,58,130,True,10.0,25.0,9.0,9.0,22.0,28.0,18.0,16.0,19.0,30.0,8.0,29.0
298,OKC,61,104,False,21.0,30.0,4.0,2.0,23.0,27.0,26.0,1.0,26.0,25.0,28.0,4.0
299,DET,70,120,True,9.0,13.0,7.0,23.0,10.0,7.0,6.0,24.0,4.0,11.0,3.0,23.0
300,MEM,53,110,False,26.0,9.0,5.0,11.0,18.0,18.0,7.0,26.0,27.0,28.0,4.0,19.0
301,IND,51,116,True,6.0,11.0,2.0,29.0,20.0,13.0,3.0,27.0,21.0,10.0,2.0,28.0
302,TOR,61,125,False,20.0,10.0,29.0,27.0,28.0,9.0,27.0,18.0,29.0,13.0,18.0,17.0
303,ATL,57,126,True,16.0,14.0,19.0,18.0,21.0,4.0,19.0,28.0,23.0,3.0,9.0,30.0
304,PHX,56,98,False,23.0,23.0,11.0,16.0,19.0,29.0,2.0,5.0,17.0,22.0,1.0,16.0
305,ORL,51,113,True,4.0,15.0,12.0,26.0,6.0,10.0,14.0,23.0,8.0,7.0,21.0,22.0
306,CHI,53,104,False,22.0,28.0,17.0,28.0,11.0,23.0,13.0,30.0,24.0,27.0,16.0,27.0
307,POR,42,96,True,24.0,21.0,26.0,12.0,16.0,24.0,8.0,13.0,20.0,14.0,22.0,6.0
308,WAS,61,118,False,21.0,30.0,4.0,2.0,23.0,27.0,26.0,1.0,26.0,25.0,28.0,4.0
309,DET,63,104,True,25.0,18.0,24.0,20.0,25.0,21.0,24.0,21.0,9.0,21.0,12.0,26.0
310,MIA,51,109,False,29.0,20.0,10.0,7.0,27.0,14.0,5.0,6.0,5.0,5.0,19.0,5.0
311,NYK,61,125,True,8.0,5.0,3.0,1.0,8.0,8.0,20.0,2.0,6.0,9.0,14.0,9.0
312,PHI,62,105,False,14.0,12.0,21.0,4.0,7.0,19.0,21.0,8.0,7.0,20.0,26.0,10.0
313,DEN,64,111,True,10.0,25.0,9.0,9.0,22.0,28.0,18.0,16.0,19.0,30.0,8.0,29.0
314,HOU,40,104,False,27.0,19.0,14.0,24.0,26.0,22.0,15.0,22.0,10.0,26.0,17.0,20.0
315,BKN,60,106,True,12.0,26.0,20.0,17.0,14.0,25.0,12.0,10.0,15.0,24.0,11.0,15.0
316,LAC,55,115,False,5.0,6.0,28.0,3.0,2.0,5.0,29.0,19.0,1.0,2.0,30.0,12.0
317,BOS,39,96,True,15.0,3.0,22.0,25.0,13.0,3.0,17.0,25.0,11.0,8.0,15.0,24.0
318,UTA,82,134,False,3.0,8.0,18.0,6.0,17.0,15.0,11.0,4.0,30.0,17.0,20.0,3.0
319,CHA,47,122,True,30.0,17.0,30.0,10.0,30.0,12.0,30.0,15.0,28.0,15.0,29.0,11.0
320,NOP,63,117,False,17.0,16.0,15.0,5.0,15.0,17.0,10.0,7.0,18.0,18.0,27.0,2.0
321,MIL,75,141,True,18.0,22.0,1.0,22.0,12.0,16.0,1.0,20.0,12.0,12.0,5.0,13.0
322,MIN,64,112,False,28.0,2.0,6.0,14.0,24.0,6.0,9.0,11.0,22.0,4.0,7.0,18.0
323,SAS,52,113,True,2.0,29.0,8.0,21.0,1.0,30.0,4.0,11.0,2.0,29.0,6.0,1.0
324,LAL,68,145,False,13.0,24.0,12.0,13.0,4.0,20.0,22.0,9.0,14.0,16.0,23.0,14.0
325,GSW,63,144,True,7.0,1.0,27.0,30.0,9.0,1.0,28.0,29.0,16.0,1.0,25.0,25.0
326,SAC,63,120,False,1.0,4.0,16.0,15.0,5.0,11.0,25.0,14.0,13.0,23.0,24.0,21.0
327,DAL,49,115,True,19.0,27.0,25.0,8.0,29.0,26.0,16.0,3.0,25.0,19.0,13.0,7.0
328,DAL,66,148,False,20.0,10.0,29.0,27.0,28.0,9.0,27.0,18.0,29.0,13.0,18.0,17.0
329,ATL,66,143,True,1.0,4.0,16.0,15.0,5.0,11.0,25.0,14.0,13.0,23.0,24.0,21.0
330,HOU,55,138,False,3.0,8.0,18.0,6.0,17.0,15.0,11.0,4.0,30.0,17.0,20.0,3.0
331,CHA,53,104,True,12.0,26.0,20.0,17.0,14.0,25.0,12.0,10.0,15.0,24.0,11.0,15.0
332,PHX,80,131,False,26.0,9.0,5.0,11.0,18.0,18.0,7.0,26.0,27.0,28.0,4.0,19.0
333,IND,70,133,True,4.0,15.0,12.0,26.0,6.0,10.0,14.0,23.0,8.0,7.0,21.0,22.0
334,LAC,66,127,False,16.0,14.0,19.0,18.0,21.0,4.0,19.0,28.0,23.0,3.0,9.0,30.0
335,TOR,52,107,True,15.0,3.0,22.0,25.0,13.0,3.0,17.0,25.0,11.0,8.0,15.0,24.0
336,ORL,59,106,False,6.0,11.0,2.0,29.0,20.0,13.0,3.0,27.0,21.0,10.0,2.0,28.0
337,MEM,68,107,True,23.0,23.0,11.0,16.0,19.0,29.0,2.0,5.0,17.0,22.0,1.0,16.0
338,CLE,54,112,False,17.0,16.0,15.0,5.0,15.0,17.0,10.0,7.0,18.0,18.0,27.0,2.0
339,MIL,57,100,True,11.0,7.0,23.0,19.0,3.0,2.0,23.0,17.0,3.0,6.0,10.0,8.0
340,OKC,50,107,False,18.0,22.0,1.0,22.0,12.0,16.0,1.0,20.0,12.0,12.0,5.0,13.0
341,NOP,41,83,True,9.0,13.0,7.0,23.0,10.0,7.0,6.0,24.0,4.0,11.0,3.0,23.0
342,POR,57,100,False,28.0,2.0,6.0,14.0,24.0,6.0,9.0,11.0,22.0,4.0,7.0,18.0
343,SAS,62,116,True,22.0,28.0,17.0,28.0,11.0,23.0,13.0,30.0,24.0,27.0,16.0,27.0
344,PHI,61,122,False,26.0,9.0,5.0,11.0,18.0,18.0,7.0,26.0,27.0,28.0,4.0,19.0
345,IND,73,134,True,10.0,25.0,9.0,9.0,22.0,28.0,18.0,16.0,19.0,30.0,8.0,29.0
346,UTA,64,123,False,25.0,18.0,24.0,20.0,25.0,21.0,24.0,21.0,9.0,21.0,12.0,26.0
347,WAS,56,108,True,30.0,17.0,30.0,10.0,30.0,12.0,30.0,15.0,28.0,15.0,29.0,11.0
348,MIN,60,96,False,27.0,19.0,14.0,24.0,26.0,22.0,15.0,22.0,10.0,26.0,17.0,20.0
349,BKN,48,94,True,2.0,29.0,8.0,21.0,1.0,30.0,4.0,11.0,2.0,29.0,6.0,1.0
350,BOS,77,143,False,8.0,5.0,3.0,1.0,8.0,8.0,20.0,2.0,6.0,9.0,14.0,9.0
351,MIA,64,110,True,5.0,6.0,28.0,3.0,2.0,5.0,29.0,19.0,1.0,2.0,30.0,12.0
352,DEN,41,84,False,29.0,20.0,10.0,7.0,27.0,14.0,5.0,6.0,5.0,5.0,19.0,5.0
353,NYK,62,122,True,14.0,12.0,21.0,4.0,7.0,19.0,21.0,8.0,7.0,20.0,26.0,10.0
354,SAC,75,134,False,13.0,24.0,12.0,13.0,4.0,20.0,22.0,9.0,14.0,16.0,23.0,14.0
355,GSW,72,133,True,19.0,27.0,25.0,8.0,29.0,26.0,16.0,3.0,25.0,19.0,13.0,7.0
356,CHI,57,132,False,7.0,1.0,27.0,30.0,9.0,1.0,28.0,29.0,16.0,1.0,25.0,25.0
357,LAL,73,141,True,24.0,21.0,26.0,12.0,16.0,24.0,8.0,13.0,20.0,14.0,22.0,6.0
358,CHA,52,106,False,21.0,30.0,4.0,2.0,23.0,27.0,26.0,1.0,26.0,25.0,28.0,4.0
359,DET,52,113,True,3.0,8.0,18.0,6.0,17.0,15.0,11.0,4.0,30.0,17.0,20.0,3.0
360,MIN,57,118,False,25.0,18.0,24.0,20.0,25.0,21.0,24.0,21.0,9.0,21.0,12.0,26.0
361,WAS,59,107,True,2.0,29.0,8.0,21.0,1.0,30.0,4.0,11.0,2.0,29.0,6.0,1.0
362,MEM,49,105,False,8.0,5.0,3.0,1.0,8.0,8.0,20.0,2.0,6.0,9.0,14.0,9.0
363,MIA,42,96,True,6.0,11.0,2.0,29.0,20.0,13.0,3.0,27.0,21.0,10.0,2.0,28.0
364,POR,57,137,False,12.0,26.0,20.0,17.0,14.0,25.0,12.0,10.0,15.0,24.0,11.0,15.0
365,HOU,63,131,True,22.0,28.0,17.0,28.0,11.0,23.0,13.0,30.0,24.0,27.0,16.0,27.0
366,CLE,51,116,False,17.0,16.0,15.0,5.0,15.0,17.0,10.0,7.0,18.0,18.0,27.0,2.0
367,MIL,61,126,True,11.0,7.0,23.0,19.0,3.0,2.0,23.0,17.0,3.0,6.0,10.0,8.0
368,PHX,57,132,False,1.0,4.0,16.0,15.0,5.0,11.0,25.0,14.0,13.0,23.0,24.0,21.0
369,DAL,58,109,True,4.0,15.0,12.0,26.0,6.0,10.0,14.0,23.0,8.0,7.0,21.0,22.0
370,OKC,63,140,False,28.0,2.0,6.0,14.0,24.0,6.0,9.0,11.0,22.0,4.0,7.0,18.0
371,SAS,52,114,True,9.0,13.0,7.0,23.0,10.0,7.0,6.0,24.0,4.0,11.0,3.0,23.0
372,ATL,68,112,False,13.0,24.0,12.0,13.0,4.0,20.0,22.0,9.0,14.0,16.0,23.0,14.0
373,GSW,69,134,True,20.0,10.0,29.0,27.0,28.0,9.0,27.0,18.0,29.0,13.0,18.0,17.0
374,DEN,54,114,False,26.0,9.0,5.0,11.0,18.0,18.0,7.0,26.0,27.0,28.0,4.0,19.0
375,IND,62,109,True,14.0,12.0,21.0,4.0,7.0,19.0,21.0,8.0,7.0,20.0,26.0,10.0
376,NYK,50,108,False,27.0,19.0,14.0,24.0,26.0,22.0,15.0,22.0,10.0,26.0,17.0,20.0
377,BKN,49,103,True,29.0,20.0,10.0,7.0,27.0,14.0,5.0,6.0,5.0,5.0,19.0,5.0
378,UTA,59,124,False,18.0,22.0,1.0,22.0,12.0,16.0,1.0,20.0,12.0,12.0,5.0,13.0
379,NOP,77,153,True,30.0,17.0,30.0,10.0,30.0,12.0,30.0,15.0,28.0,15.0,29.0,11.0
380,POR,66,109,False,9.0,13.0,7.0,23.0,10.0,7.0,6.0,24.0,4.0,11.0,3.0,23.0
381,OKC,58,111,True,22.0,28.0,17.0,28.0,11.0,23.0,13.0,30.0,24.0,27.0,16.0,27.0
382,LAL,64,116,False,15.0,3.0,22.0,25.0,13.0,3.0,17.0,25.0,11.0,8.0,15.0,24.0
383,LAC,77,127,True,7.0,1.0,27.0,30.0,9.0,1.0,28.0,29.0,16.0,1.0,25.0,25.0
384,MIL,58,122,False,21.0,30.0,4.0,2.0,23.0,27.0,26.0,1.0,26.0,25.0,28.0,4.0
385,DET,56,113,True,17.0,16.0,15.0,5.0,15.0,17.0,10.0,7.0,18.0,18.0,27.0,2.0
386,CLE,72,126,False,23.0,23.0,11.0,16.0,19.0,29.0,2.0,5.0,17.0,22.0,1.0,16.0
387,ORL,47,99,True,11.0,7.0,23.0,19.0,3.0,2.0,23.0,17.0,3.0,6.0,10.0,8.0
388,SAS,58,123,False,10.0,25.0,9.0,9.0,22.0,28.0,18.0,16.0,19.0,30.0,8.0,29.0
389,PHI,62,133,True,28.0,2.0,6.0,14.0,24.0,6.0,9.0,11.0,22.0,4.0,7.0,18.0
390,MEM,53,108,False,16.0,14.0,19.0,18.0,21.0,4.0,19.0,28.0,23.0,3.0,9.0,30.0
391,TOR,46,100,True,6.0,11.0,2.0,29.0,20.0,13.0,3.0,27.0,21.0,10.0,2.0,28.0
392,CHA,64,128,False,2.0,29.0,8.0,21.0,1.0,30.0,4.0,11.0,2.0,29.0,6.0,1.0
393,MIN,69,125,True,3.0,8.0,18.0,6.0,17.0,15.0,11.0,4.0,30.0,17.0,20.0,3.0
394,BOS,65,119,False,1.0,4.0,16.0,15.0,5.0,11.0,25.0,14.0,13.0,23.0,24.0,21.0
395,DAL,59,110,True,5.0,6.0,28.0,3.0,2.0,5.0,29.0,19.0,1.0,2.0,30.0,12.0
396,CHI,66,113,False,4.0,15.0,12.0,26.0,6.0,10.0,14.0,23.0,8.0,7.0,21.0,22.0
397,PHX,49,115,True,24.0,21.0,26.0,12.0,16.0,24.0,8.0,13.0,20.0,14.0,22.0,6.0
398,ATL,40,107,False,19.0,27.0,25.0,8.0,29.0,26.0,16.0,3.0,25.0,19.0,13.0,7.0
399,SAC,57,122,True,20.0,10.0,29.0,27.0,28.0,9.0,27.0,18.0,29.0,13.0,18.0,17.0
400,BKN,61,114,False,15.0,3.0,22.0,25.0,13.0,3.0,17.0,25.0,11.0,8.0,15.0,24.0
401,LAC,49,125,True,27.0,19.0,14.0,24.0,26.0,22.0,15.0,22.0,10.0,26.0,17.0,20.0
402,MIA,46,87,False,23.0,23.0,11.0,16.0,19.0,29.0,2.0,5.0,17.0,22.0,1.0,16.0
403,ORL,48,105,True,8.0,5.0,3.0,1.0,8.0,8.0,20.0,2.0,6.0,9.0,14.0,9.0
404,DEN,62,113,False,25.0,18.0,24.0,20.0,25.0,21.0,24.0,21.0,9.0,21.0,12.0,26.0
405,WAS,52,104,True,14.0,12.0,21.0,4.0,7.0,19.0,21.0,8.0,7.0,20.0,26.0,10.0
406,BOS,70,116,False,12.0,26.0,20.0,17.0,14.0,25.0,12.0,10.0,15.0,24.0,11.0,15.0
407,HOU,55,107,True,5.0,6.0,28.0,3.0,2.0,5.0,29.0,19.0,1.0,2.0,30.0,12.0
408,IND,61,110,False,4.0,15.0,12.0,26.0,6.0,10.0,14.0,23.0,8.0,7.0,21.0,22.0
409,PHX,65,117,True,26.0,9.0,5.0,11.0,18.0,18.0,7.0,26.0,27.0,28.0,4.0,19.0
410,POR,54,110,False,7.0,1.0,27.0,30.0,9.0,1.0,28.0,29.0,16.0,1.0,25.0,25.0
411,LAL,67,134,True,22.0,28.0,17.0,28.0,11.0,23.0,13.0,30.0,24.0,27.0,16.0,27.0
412,MIL,70,141,False,21.0,30.0,4.0,2.0,23.0,27.0,26.0,1.0,26.0,25.0,28.0,4.0
413,DET,67,135,True,17.0,16.0,15.0,5.0,15.0,17.0,10.0,7.0,18.0,18.0,27.0,2.0
414,PHI,46,97,False,3.0,8.0,18.0,6.0,17.0,15.0,11.0,4.0,30.0,17.0,20.0,3.0
415,CHA,45,89,True,10.0,25.0,9.0,9.0,22.0,28.0,18.0,16.0,19.0,30.0,8.0,29.0
416,SAS,72,131,False,25.0,18.0,24.0,20.0,25.0,21.0,24.0,21.0,9.0,21.0,12.0,26.0
417,WAS,66,127,True,28.0,2.0,6.0,14.0,24.0,6.0,9.0,11.0,22.0,4.0,7.0,18.0
418,CLE,59,116,False,20.0,10.0,29.0,27.0,28.0,9.0,27.0,18.0,29.0,13.0,18.0,17.0
419,ATL,45,95,True,11.0,7.0,23.0,19.0,3.0,2.0,23.0,17.0,3.0,6.0,10.0,8.0
420,TOR,57,100,False,29.0,20.0,10.0,7.0,27.0,14.0,5.0,6.0,5.0,5.0,19.0,5.0
421,NYK,59,126,True,16.0,14.0,19.0,18.0,21.0,4.0,19.0,28.0,23.0,3.0,9.0,30.0
422,MEM,40,96,False,24.0,21.0,26.0,12.0,16.0,24.0,8.0,13.0,20.0,14.0,22.0,6.0
423,CHI,50,125,True,6.0,11.0,2.0,29.0,20.0,13.0,3.0,27.0,21.0,10.0,2.0,28.0
424,UTA,51,126,False,12.0,26.0,20.0,17.0,14.0,25.0,12.0,10.0,15.0,24.0,11.0,15.0
425,HOU,64,127,True,30.0,17.0,30.0,10.0,30.0,12.0,30.0,15.0,28.0,15.0,29.0,11.0
426,OKC,57,102,False,2.0,29.0,8.0,21.0,1.0,30.0,4.0,11.0,2.0,29.0,6.0,1.0
427,MIN,54,97,True,9.0,13.0,7.0,23.0,10.0,7.0,6.0,24.0,4.0,11.0,3.0,23.0
428,SAS,58,120,False,3.0,8.0,18.0,6.0,17.0,15.0,11.0,4.0,30.0,17.0,20.0,3.0
429,CHA,66,124,True,28.0,2.0,6.0,14.0,24.0,6.0,9.0,11.0,22.0,4.0,7.0,18.0
430,PHI,68,124,False,23.0,23.0,11.0,16.0,19.0,29.0,2.0,5.0,17.0,22.0,1.0,16.0
431,ORL,60,109,True,10.0,25.0,9.0,9.0,22.0,28.0,18.0,16.0,19.0,30.0,8.0,29.0
432,DEN,55,102,False,5.0,6.0,28.0,3.0,2.0,5.0,29.0,19.0,1.0,2.0,30.0,12.0
433,BOS,61,100,True,14.0,12.0,21.0,4.0,7.0,19.0,21.0,8.0,7.0,20.0,26.0,10.0
434,ATL,57,109,False,8.0,5.0,3.0,1.0,8.0,8.0,20.0,2.0,6.0,9.0,14.0,9.0
435,MIA,56,108,True,20.0,10.0,29.0,27.0,28.0,9.0,27.0,18.0,29.0,13.0,18.0,17.0
436,PHX,69,123,False,18.0,22.0,1.0,22.0,12.0,16.0,1.0,20.0,12.0,12.0,5.0,13.0
437,NOP,52,109,True,4.0,15.0,12.0,26.0,6.0,10.0,14.0,23.0,8.0,7.0,21.0,22.0
438,IND,53,115,False,22.0,28.0,17.0,28.0,11.0,23.0,13.0,30.0,24.0,27.0,16.0,27.0
439,POR,64,118,True,26.0,9.0,5.0,11.0,18.0,18.0,7.0,26.0,27.0,28.0,4.0,19.0
440,BKN,62,130,False,7.0,1.0,27.0,30.0,9.0,1.0,28.0,29.0,16.0,1.0,25.0,25.0
441,LAL,68,112,True,27.0,19.0,14.0,24.0,26.0,22.0,15.0,22.0,10.0,26.0,17.0,20.0
442,WAS,45,109,False,29.0,20.0,10.0,7.0,27.0,14.0,5.0,6.0,5.0,5.0,19.0,5.0
443,NYK,46,113,True,25.0,18.0,24.0,20.0,25.0,21.0,24.0,21.0,9.0,21.0,12.0,26.0
444,CHI,63,116,False,16.0,14.0,19.0,18.0,21.0,4.0,19.0,28.0,23.0,3.0,9.0,30.0
445,TOR,58,110,True,24.0,21.0,26.0,12.0,16.0,24.0,8.0,13.0,20.0,14.0,22.0,6.0
446,OKC,76,134,False,30.0,17.0,30.0,10.0,30.0,12.0,30.0,15.0,28.0,15.0,29.0,11.0
447,UTA,67,129,True,9.0,13.0,7.0,23.0,10.0,7.0,6.0,24.0,4.0,11.0,3.0,23.0
448,MEM,55,103,False,2.0,29.0,8.0,21.0,1.0,30.0,4.0,11.0,2.0,29.0,6.0,1.0
449,MIN,50,118,True,6.0,11.0,2.0,29.0,20.0,13.0,3.0,27.0,21.0,10.0,2.0,28.0
450,IND,70,126,False,19.0,27.0,25.0,8.0,29.0,26.0,16.0,3.0,25.0,19.0,13.0,7.0
451,SAC,57,121,True,26.0,9.0,5.0,11.0,18.0,18.0,7.0,26.0,27.0,28.0,4.0,19.0
452,MIN,70,124,False,21.0,30.0,4.0,2.0,23.0,27.0,26.0,1.0,26.0,25.0,28.0,4.0
453,DET,62,117,True,2.0,29.0,8.0,21.0,1.0,30.0,4.0,11.0,2.0,29.0,6.0,1.0
454,ORL,51,104,False,20.0,10.0,29.0,27.0,28.0,9.0,27.0,18.0,29.0,13.0,18.0,17.0
455,ATL,49,106,True,23.0,23.0,11.0,16.0,19.0,29.0,2.0,5.0,17.0,22.0,1.0,16.0
456,SAS,45,98,False,5.0,6.0,28.0,3.0,2.0,5.0,29.0,19.0,1.0,2.0,30.0,12.0
457,BOS,70,117,True,28.0,2.0,6.0,14.0,24.0,6.0,9.0,11.0,22.0,4.0,7.0,18.0
458,MIL,41,95,False,11.0,7.0,23.0,19.0,3.0,2.0,23.0,17.0,3.0,6.0,10.0,8.0
459,CLE,66,135,True,17.0,16.0,15.0,5.0,15.0,17.0,10.0,7.0,18.0,18.0,27.0,2.0
460,HOU,46,94,False,29.0,20.0,10.0,7.0,27.0,14.0,5.0,6.0,5.0,5.0,19.0,5.0
461,NYK,48,109,True,12.0,26.0,20.0,17.0,14.0,25.0,12.0,10.0,15.0,24.0,11.0,15.0
462,MIA,43,97,False,16.0,14.0,19.0,18.0,21.0,4.0,19.0,28.0,23.0,3.0,9.0,30.0
463,TOR,78,121,True,8.0,5.0,3.0,1.0,8.0,8.0,20.0,2.0,6.0,9.0,14.0,9.0
464,CHA,61,112,False,18.0,22.0,1.0,22.0,12.0,16.0,1.0,20.0,12.0,12.0,5.0,13.0
465,NOP,66,132,True,3.0,8.0,18.0,6.0,17.0,15.0,11.0,4.0,30.0,17.0,20.0,3.0
466,DAL,53,110,False,7.0,1.0,27.0,30.0,9.0,1.0,28.0,29.0,16.0,1.0,25.0,25.0
467,LAL,55,127,True,1.0,4.0,16.0,15.0,5.0,11.0,25.0,14.0,13.0,23.0,24.0,21.0
468,BKN,52,103,False,22.0,28.0,17.0,28.0,11.0,23.0,13.0,30.0,24.0,27.0,16.0,27.0
469,POR,51,105,True,27.0,19.0,14.0,24.0,26.0,22.0,15.0,22.0,10.0,26.0,17.0,20.0
470,DEN,78,121,False,10.0,25.0,9.0,9.0,22.0,28.0,18.0,16.0,19.0,30.0,8.0,29.0
471,PHI,78,126,True,14.0,12.0,21.0,4.0,7.0,19.0,21.0,8.0,7.0,20.0,26.0,10.0
472,SAC,68,117,False,4.0,15.0,12.0,26.0,6.0,10.0,14.0,23.0,8.0,7.0,21.0,22.0
473,PHX,51,119,True,19.0,27.0,25.0,8.0,29.0,26.0,16.0,3.0,25.0,19.0,13.0,7.0
474,OKC,61,117,False,15.0,3.0,22.0,25.0,13.0,3.0,17.0,25.0,11.0,8.0,15.0,24.0
475,LAC,65,128,True,9.0,13.0,7.0,23.0,10.0,7.0,6.0,24.0,4.0,11.0,3.0,23.0
476,HOU,47,115,False,10.0,25.0,9.0,9.0,22.0,28.0,18.0,16.0,19.0,30.0,8.0,29.0
477,PHI,66,124,True,12.0,26.0,20.0,17.0,14.0,25.0,12.0,10.0,15.0,24.0,11.0,15.0
478,NOP,59,120,False,1.0,4.0,16.0,15.0,5.0,11.0,25.0,14.0,13.0,23.0,24.0,21.0
479,DAL,59,125,True,18.0,22.0,1.0,22.0,12.0,16.0,1.0,20.0,12.0,12.0,5.0,13.0
480,ORL,50,98,False,29.0,20.0,10.0,7.0,27.0,14.0,5.0,6.0,5.0,5.0,19.0,5.0
481,NYK,52,94,True,23.0,23.0,11.0,16.0,19.0,29.0,2.0,5.0,17.0,22.0,1.0,16.0
482,DET,63,129,False,25.0,18.0,24.0,20.0,25.0,21.0,24.0,21.0,9.0,21.0,12.0,26.0
483,WAS,62,117,True,21.0,30.0,4.0,2.0,23.0,27.0,26.0,1.0,26.0,25.0,28.0,4.0
484,SAS,34,99,False,20.0,10.0,29.0,27.0,28.0,9.0,27.0,18.0,29.0,13.0,18.0,17.0
485,ATL,69,109,True,28.0,2.0,6.0,14.0,24.0,6.0,9.0,11.0,22.0,4.0,7.0,18.0
486,GSW,56,107,False,6.0,11.0,2.0,29.0,20.0,13.0,3.0,27.0,21.0,10.0,2.0,28.0
487,MEM,54,116,True,13.0,24.0,12.0,13.0,4.0,20.0,22.0,9.0,14.0,16.0,23.0,14.0
488,CHI,46,91,False,11.0,7.0,23.0,19.0,3.0,2.0,23.0,17.0,3.0,6.0,10.0,8.0
489,CLE,60,109,True,24.0,21.0,26.0,12.0,16.0,24.0,8.0,13.0,20.0,14.0,22.0,6.0
490,MIA,31,96,False,27.0,19.0,14.0,24.0,26.0,22.0,15.0,22.0,10.0,26.0,17.0,20.0
491,BKN,45,95,True,8.0,5.0,3.0,1.0,8.0,8.0,20.0,2.0,6.0,9.0,14.0,9.0
492,BOS,61,105,False,16.0,14.0,19.0,18.0,21.0,4.0,19.0,28.0,23.0,3.0,9.0,30.0
493,TOR,55,96,True,5.0,6.0,28.0,3.0,2.0,5.0,29.0,19.0,1.0,2.0,30.0,12.0
494,IND,50,105,False,30.0,17.0,30.0,10.0,30.0,12.0,30.0,15.0,28.0,15.0,29.0,11.0
495,UTA,64,132,True,26.0,9.0,5.0,11.0,18.0,18.0,7.0,26.0,27.0,28.0,4.0,19.0
496,OKC,50,105,False,7.0,1.0,27.0,30.0,9.0,1.0,28.0,29.0,16.0,1.0,25.0,25.0
497,LAL,50,112,True,9.0,13.0,7.0,23.0,10.0,7.0,6.0,24.0,4.0,11.0,3.0,23.0
498,IND,57,109,False,14.0,12.0,21.0,4.0,7.0,19.0,21.0,8.0,7.0,20.0,26.0,10.0
499,DEN,60,117,True,26.0,9.0,5.0,11.0,18.0,18.0,7.0,26.0,27.0,28.0,4.0,19.0
500,CHA,31,87,False,8.0,5.0,3.0,1.0,8.0,8.0,20.0,2.0,6.0,9.0,14.0,9.0
501,MIA,52,104,True,3.0,8.0,18.0,6.0,17.0,15.0,11.0,4.0,30.0,17.0,20.0,3.0
502,SAC,66,142,False,17.0,16.0,15.0,5.0,15.0,17.0,10.0,7.0,18.0,18.0,27.0,2.0
503,MIL,68,143,True,19.0,27.0,25.0,8.0,29.0,26.0,16.0,3.0,25.0,19.0,13.0,7.0
504,LAC,45,105,False,2.0,29.0,8.0,21.0,1.0,30.0,4.0,11.0,2.0,29.0,6.0,1.0
505,MIN,46,109,True,15.0,3.0,22.0,25.0,13.0,3.0,17.0,25.0,11.0,8.0,15.0,24.0
506,PHX,71,127,False,22.0,28.0,17.0,28.0,11.0,23.0,13.0,30.0,24.0,27.0,16.0,27.0
507,POR,61,116,True,4.0,15.0,12.0,26.0,6.0,10.0,14.0,23.0,8.0,7.0,21.0,22.0
508,HOU,58,113,False,5.0,6.0,28.0,3.0,2.0,5.0,29.0,19.0,1.0,2.0,30.0,12.0
509,BOS,69,145,True,12.0,26.0,20.0,17.0,14.0,25.0,12.0,10.0,15.0,24.0,11.0,15.0
510,WAS,58,127,False,20.0,10.0,29.0,27.0,28.0,9.0,27.0,18.0,29.0,13.0,18.0,17.0
511,ATL,47,99,True,25.0,18.0,24.0,20.0,25.0,21.0,24.0,21.0,9.0,21.0,12.0,26.0
512,NYK,53,106,False,6.0,11.0,2.0,29.0,20.0,13.0,3.0,27.0,21.0,10.0,2.0,28.0
513,MEM,57,94,True,29.0,20.0,10.0,7.0,27.0,14.0,5.0,6.0,5.0,5.0,19.0,5.0
514,GSW,56,118,False,17.0,16.0,15.0,5.0,15.0,17.0,10.0,7.0,18.0,18.0,27.0,2.0
515,MIL,54,129,True,13.0,24.0,12.0,13.0,4.0,20.0,22.0,9.0,14.0,16.0,23.0,14.0
516,ORL,40,100,False,9.0,13.0,7.0,23.0,10.0,7.0,6.0,24.0,4.0,11.0,3.0,23.0
517,OKC,49,112,True,23.0,23.0,11.0,16.0,19.0,29.0,2.0,5.0,17.0,22.0,1.0,16.0
518,NOP,49,118,False,1.0,4.0,16.0,15.0,5.0,11.0,25.0,14.0,13.0,23.0,24.0,21.0
519,DAL,54,108,True,18.0,22.0,1.0,22.0,12.0,16.0,1.0,20.0,12.0,12.0,5.0,13.0
520,CHI,63,122,False,28.0,2.0,6.0,14.0,24.0,6.0,9.0,11.0,22.0,4.0,7.0,18.0
521,SAS,55,116,True,24.0,21.0,26.0,12.0,16.0,24.0,8.0,13.0,20.0,14.0,22.0,6.0
522,LAL,67,125,False,30.0,17.0,30.0,10.0,30.0,12.0,30.0,15.0,28.0,15.0,29.0,11.0
523,UTA,64,132,True,7.0,1.0,27.0,30.0,9.0,1.0,28.0,29.0,16.0,1.0,25.0,25.0
524,SAC,46,93,False,10.0,25.0,9.0,9.0,22.0,28.0,18.0,16.0,19.0,30.0,8.0,29.0
525,PHI,65,112,True,19.0,27.0,25.0,8.0,29.0,26.0,16.0,3.0,25.0,19.0,13.0,7.0
526,IND,68,126,False,20.0,10.0,29.0,27.0,28.0,9.0,27.0,18.0,29.0,13.0,18.0,17.0
527,ATL,62,108,True,26.0,9.0,5.0,11.0,18.0,18.0,7.0,26.0,27.0,28.0,4.0,19.0
528,HOU,55,112,False,21.0,30.0,4.0,2.0,23.0,27.0,26.0,1.0,26.0,25.0,28.0,4.0
529,DET,55,110,True,12.0,26.0,20.0,17.0,14.0,25.0,12.0,10.0,15.0,24.0,11.0,15.0
530,ORL,55,96,False,8.0,5.0,3.0,1.0,8.0,8.0,20.0,2.0,6.0,9.0,14.0,9.0
531,MIA,56,99,True,23.0,23.0,11.0,16.0,19.0,29.0,2.0,5.0,17.0,22.0,1.0,16.0
532,GSW,62,140,False,24.0,21.0,26.0,12.0,16.0,24.0,8.0,13.0,20.0,14.0,22.0,6.0
533,CHI,75,131,True,13.0,24.0,12.0,13.0,4.0,20.0,22.0,9.0,14.0,16.0,23.0,14.0
534,LAC,65,128,False,6.0,11.0,2.0,29.0,20.0,13.0,3.0,27.0,21.0,10.0,2.0,28.0
535,MEM,53,119,True,15.0,3.0,22.0,25.0,13.0,3.0,17.0,25.0,11.0,8.0,15.0,24.0
536,POR,42,93,False,2.0,29.0,8.0,21.0,1.0,30.0,4.0,11.0,2.0,29.0,6.0,1.0
537,MIN,63,116,True,22.0,28.0,17.0,28.0,11.0,23.0,13.0,30.0,24.0,27.0,16.0,27.0
538,CHA,45,99,False,28.0,2.0,6.0,14.0,24.0,6.0,9.0,11.0,22.0,4.0,7.0,18.0
539,SAS,66,135,True,3.0,8.0,18.0,6.0,17.0,15.0,11.0,4.0,30.0,17.0,20.0,3.0
540,TOR,47,113,False,30.0,17.0,30.0,10.0,30.0,12.0,30.0,15.0,28.0,15.0,29.0,11.0
541,UTA,64,145,True,16.0,14.0,19.0,18.0,21.0,4.0,19.0,28.0,23.0,3.0,9.0,30.0
542,NOP,51,113,False,14.0,12.0,21.0,4.0,7.0,19.0,21.0,8.0,7.0,20.0,26.0,10.0
543,DEN,66,125,True,18.0,22.0,1.0,22.0,12.0,16.0,1.0,20.0,12.0,12.0,5.0,13.0
544,BKN,34,102,False,11.0,7.0,23.0,19.0,3.0,2.0,23.0,17.0,3.0,6.0,10.0,8.0
545,CLE,54,111,True,27.0,19.0,14.0,24.0,26.0,22.0,15.0,22.0,10.0,26.0,17.0,20.0
546,BOS,38,102,False,17.0,16.0,15.0,5.0,15.0,17.0,10.0,7.0,18.0,18.0,27.0,2.0
547,MIL,75,135,True,5.0,6.0,28.0,3.0,2.0,5.0,29.0,19.0,1.0,2.0,30.0,12.0
548,POR,39,77,False,9.0,13.0,7.0,23.0,10.0,7.0,6.0,24.0,4.0,11.0,3.0,23.0
549,OKC,75,139,True,22.0,28.0,17.0,28.0,11.0,23.0,13.0,30.0,24.0,27.0,16.0,27.0
550,NYK,55,124,False,1.0,4.0,16.0,15.0,5.0,11.0,25.0,14.0,13.0,23.0,24.0,21.0
551,DAL,74,128,True,29.0,20.0,10.0,7.0,27.0,14.0,5.0,6.0,5.0,5.0,19.0,5.0
552,PHX,66,127,False,7.0,1.0,27.0,30.0,9.0,1.0,28.0,29.0,16.0,1.0,25.0,25.0
553,LAL,52,109,True,4.0,15.0,12.0,26.0,6.0,10.0,14.0,23.0,8.0,7.0,21.0,22.0
554,MIN,53,120,False,5.0,6.0,28.0,3.0,2.0,5.0,29.0,19.0,1.0,2.0,30.0,12.0
555,BOS,54,127,True,2.0,29.0,8.0,21.0,1.0,30.0,4.0,11.0,2.0,29.0,6.0,1.0
556,SAC,71,123,False,3.0,8.0,18.0,6.0,17.0,15.0,11.0,4.0,30.0,17.0,20.0,3.0
557,CHA,59,98,True,19.0,27.0,25.0,8.0,29.0,26.0,16.0,3.0,25.0,19.0,13.0,7.0
558,SAS,63,130,False,21.0,30.0,4.0,2.0,23.0,27.0,26.0,1.0,26.0,25.0,28.0,4.0
559,DET,51,108,True,28.0,2.0,6.0,14.0,24.0,6.0,9.0,11.0,22.0,4.0,7.0,18.0
560,WAS,55,104,False,26.0,9.0,5.0,11.0,18.0,18.0,7.0,26.0,27.0,28.0,4.0,19.0
561,IND,54,112,True,25.0,18.0,24.0,20.0,25.0,21.0,24.0,21.0,9.0,21.0,12.0,26.0
562,PHI,64,132,False,20.0,10.0,29.0,27.0,28.0,9.0,27.0,18.0,29.0,13.0,18.0,17.0
563,ATL,61,139,True,10.0,25.0,9.0,9.0,22.0,28.0,18.0,16.0,19.0,30.0,8.0,29.0
564,OKC,65,128,False,8.0,5.0,3.0,1.0,8.0,8.0,20.0,2.0,6.0,9.0,14.0,9.0
565,MIA,69,120,True,9.0,13.0,7.0,23.0,10.0,7.0,6.0,24.0,4.0,11.0,3.0,23.0
566,HOU,54,119,False,24.0,21.0,26.0,12.0,16.0,24.0,8.0,13.0,20.0,14.0,22.0,6.0
567,CHI,62,124,True,12.0,26.0,20.0,17.0,14.0,25.0,12.0,10.0,15.0,24.0,11.0,15.0
568,NOP,73,141,False,13.0,24.0,12.0,13.0,4.0,20.0,22.0,9.0,14.0,16.0,23.0,14.0
569,GSW,60,105,True,18.0,22.0,1.0,22.0,12.0,16.0,1.0,20.0,12.0,12.0,5.0,13.0
570,DEN,53,111,False,30.0,17.0,30.0,10.0,30.0,12.0,30.0,15.0,28.0,15.0,29.0,11.0
571,UTA,71,124,True,14.0,12.0,21.0,4.0,7.0,19.0,21.0,8.0,7.0,20.0,26.0,10.0
572,TOR,57,120,False,15.0,3.0,22.0,25.0,13.0,3.0,17.0,25.0,11.0,8.0,15.0,24.0
573,LAC,58,126,True,16.0,14.0,19.0,18.0,21.0,4.0,19.0,28.0,23.0,3.0,9.0,30.0
574,SAC,68,131,False,21.0,30.0,4.0,2.0,23.0,27.0,26.0,1.0,26.0,25.0,28.0,4.0
575,DET,65,110,True,19.0,27.0,25.0,8.0,29.0,26.0,16.0,3.0,25.0,19.0,13.0,7.0
576,MIN,67,113,False,23.0,23.0,11.0,16.0,19.0,29.0,2.0,5.0,17.0,22.0,1.0,16.0
577,ORL,37,92,True,2.0,29.0,8.0,21.0,1.0,30.0,4.0,11.0,2.0,29.0,6.0,1.0
578,POR,41,84,False,29.0,20.0,10.0,7.0,27.0,14.0,5.0,6.0,5.0,5.0,19.0,5.0
579,NYK,63,112,True,22.0,28.0,17.0,28.0,11.0,23.0,13.0,30.0,24.0,27.0,16.0,27.0
580,MEM,68,120,False,1.0,4.0,16.0,15.0,5.0,11.0,25.0,14.0,13.0,23.0,24.0,21.0
581,DAL,53,103,True,6.0,11.0,2.0,29.0,20.0,13.0,3.0,27.0,21.0,10.0,2.0,28.0
582,TOR,53,131,False,7.0,1.0,27.0,30.0,9.0,1.0,28.0,29.0,16.0,1.0,25.0,25.0
583,LAL,51,132,True,16.0,14.0,19.0,18.0,21.0,4.0,19.0,28.0,23.0,3.0,9.0,30.0
584,CHI,51,119,False,3.0,8.0,18.0,6.0,17.0,15.0,11.0,4.0,30.0,17.0,20.0,3.0
585,CHA,43,112,True,24.0,21.0,26.0,12.0,16.0,24.0,8.0,13.0,20.0,14.0,22.0,6.0
586,BOS,68,131,False,26.0,9.0,5.0,11.0,18.0,18.0,7.0,26.0,27.0,28.0,4.0,19.0
587,IND,59,133,True,5.0,6.0,28.0,3.0,2.0,5.0,29.0,19.0,1.0,2.0,30.0,12.0
588,OKC,67,136,False,25.0,18.0,24.0,20.0,25.0,21.0,24.0,21.0,9.0,21.0,12.0,26.0
589,WAS,61,128,True,9.0,13.0,7.0,23.0,10.0,7.0,6.0,24.0,4.0,11.0,3.0,23.0
590,HOU,59,113,False,8.0,5.0,3.0,1.0,8.0,8.0,20.0,2.0,6.0,9.0,14.0,9.0
591,MIA,59,120,True,12.0,26.0,20.0,17.0,14.0,25.0,12.0,10.0,15.0,24.0,11.0,15.0
592,UTA,77,132,False,17.0,16.0,15.0,5.0,15.0,17.0,10.0,7.0,18.0,18.0,27.0,2.0
593,MIL,46,116,True,30.0,17.0,30.0,10.0,30.0,12.0,30.0,15.0,28.0,15.0,29.0,11.0
594,PHX,63,111,False,15.0,3.0,22.0,25.0,13.0,3.0,17.0,25.0,11.0,8.0,15.0,24.0
595,LAC,71,138,True,4.0,15.0,12.0,26.0,6.0,10.0,14.0,23.0,8.0,7.0,21.0,22.0
596,SAS,56,115,False,11.0,7.0,23.0,19.0,3.0,2.0,23.0,17.0,3.0,6.0,10.0,8.0
597,CLE,62,117,True,28.0,2.0,6.0,14.0,24.0,6.0,9.0,11.0,22.0,4.0,7.0,18.0
598,POR,50,134,False,27.0,19.0,14.0,24.0,26.0,22.0,15.0,22.0,10.0,26.0,17.0,20.0
599,BKN,52,127,True,22.0,28.0,17.0,28.0,11.0,23.0,13.0,30.0,24.0,27.0,16.0,27.0
600,ATL,60,110,False,23.0,23.0,11.0,16.0,19.0,29.0,2.0,5.0,17.0,22.0,1.0,16.0
601,ORL,51,117,True,20.0,10.0,29.0,27.0,28.0,9.0,27.0,18.0,29.0,13.0,18.0,17.0
602,NOP,72,133,False,19.0,27.0,25.0,8.0,29.0,26.0,16.0,3.0,25.0,19.0,13.0,7.0
603,SAC,47,100,True,18.0,22.0,1.0,22.0,12.0,16.0,1.0,20.0,12.0,12.0,5.0,13.0
604,MIN,56,108,False,1.0,4.0,16.0,15.0,5.0,11.0,25.0,14.0,13.0,23.0,24.0,21.0
605,DAL,60,115,True,2.0,29.0,8.0,21.0,1.0,30.0,4.0,11.0,2.0,29.0,6.0,1.0
606,DET,57,114,False,14.0,12.0,21.0,4.0,7.0,19.0,21.0,8.0,7.0,20.0,26.0,10.0
607,DEN,65,131,True,21.0,30.0,4.0,2.0,23.0,27.0,26.0,1.0,26.0,25.0,28.0,4.0
608,MEM,58,121,False,4.0,15.0,12.0,26.0,6.0,10.0,14.0,23.0,8.0,7.0,21.0,22.0
609,PHX,63,115,True,6.0,11.0,2.0,29.0,20.0,13.0,3.0,27.0,21.0,10.0,2.0,28.0
610,TOR,76,133,False,13.0,24.0,12.0,13.0,4.0,20.0,22.0,9.0,14.0,16.0,23.0,14.0
611,GSW,49,118,True,16.0,14.0,19.0,18.0,21.0,4.0,19.0,28.0,23.0,3.0,9.0,30.0
612,LAC,53,103,False,7.0,1.0,27.0,30.0,9.0,1.0,28.0,29.0,16.0,1.0,25.0,25.0
613,LAL,49,106,True,15.0,3.0,22.0,25.0,13.0,3.0,17.0,25.0,11.0,8.0,15.0,24.0
614,BOS,58,118,False,26.0,9.0,5.0,11.0,18.0,18.0,7.0,26.0,27.0,28.0,4.0,19.0
615,IND,49,101,True,5.0,6.0,28.0,3.0,2.0,5.0,29.0,19.0,1.0,2.0,30.0,12.0
616,NYK,63,121,False,25.0,18.0,24.0,20.0,25.0,21.0,24.0,21.0,9.0,21.0,12.0,26.0
617,WAS,43,105,True,29.0,20.0,10.0,7.0,27.0,14.0,5.0,6.0,5.0,5.0,19.0,5.0
618,UTA,58,120,False,10.0,25.0,9.0,9.0,22.0,28.0,18.0,16.0,19.0,30.0,8.0,29.0
619,PHI,57,109,True,30.0,17.0,30.0,10.0,30.0,12.0,30.0,15.0,28.0,15.0,29.0,11.0
620,MIL,43,108,False,12.0,26.0,20.0,17.0,14.0,25.0,12.0,10.0,15.0,24.0,11.0,15.0
621,HOU,63,112,True,17.0,16.0,15.0,5.0,15.0,17.0,10.0,7.0,18.0,18.0,27.0,2.0
622,UTA,40,97,False,5.0,6.0,28.0,3.0,2.0,5.0,29.0,19.0,1.0,2.0,30.0,12.0
623,BOS,71,126,True,30.0,17.0,30.0,10.0,30.0,12.0,30.0,15.0,28.0,15.0,29.0,11.0
624,ATL,54,116,False,26.0,9.0,5.0,11.0,18.0,18.0,7.0,26.0,27.0,28.0,4.0,19.0
625,IND,78,150,True,20.0,10.0,29.0,27.0,28.0,9.0,27.0,18.0,29.0,13.0,18.0,17.0
626,OKC,47,115,False,27.0,19.0,14.0,24.0,26.0,22.0,15.0,22.0,10.0,26.0,17.0,20.0
627,BKN,75,124,True,9.0,13.0,7.0,23.0,10.0,7.0,6.0,24.0,4.0,11.0,3.0,23.0
628,WAS,40,90,False,11.0,7.0,23.0,19.0,3.0,2.0,23.0,17.0,3.0,6.0,10.0,8.0
629,CLE,52,114,True,25.0,18.0,24.0,20.0,25.0,21.0,24.0,21.0,9.0,21.0,12.0,26.0
630,NYK,75,128,False,10.0,25.0,9.0,9.0,22.0,28.0,18.0,16.0,19.0,30.0,8.0,29.0
631,PHI,55,92,True,29.0,20.0,10.0,7.0,27.0,14.0,5.0,6.0,5.0,5.0,19.0,5.0
632,CHA,41,91,False,24.0,21.0,26.0,12.0,16.0,24.0,8.0,13.0,20.0,14.0,22.0,6.0
633,CHI,47,104,True,3.0,8.0,18.0,6.0,17.0,15.0,11.0,4.0,30.0,17.0,20.0,3.0
634,MIN,56,122,False,12.0,26.0,20.0,17.0,14.0,25.0,12.0,10.0,15.0,24.0,11.0,15.0
635,HOU,46,95,True,2.0,29.0,8.0,21.0,1.0,30.0,4.0,11.0,2.0,29.0,6.0,1.0
636,LAC,56,111,False,18.0,22.0,1.0,22.0,12.0,16.0,1.0,20.0,12.0,12.0,5.0,13.0
637,NOP,41,95,True,15.0,3.0,22.0,25.0,13.0,3.0,17.0,25.0,11.0,8.0,15.0,24.0
638,POR,53,103,False,1.0,4.0,16.0,15.0,5.0,11.0,25.0,14.0,13.0,23.0,24.0,21.0
639,DAL,62,139,True,22.0,28.0,17.0,28.0,11.0,23.0,13.0,30.0,24.0,27.0,16.0,27.0
640,ORL,54,122,False,14.0,12.0,21.0,4.0,7.0,19.0,21.0,8.0,7.0,20.0,26.0,10.0
641,DEN,67,120,True,23.0,23.0,11.0,16.0,19.0,29.0,2.0,5.0,17.0,22.0,1.0,16.0
642,MIA,55,97,False,4.0,15.0,12.0,26.0,6.0,10.0,14.0,23.0,8.0,7.0,21.0,22.0
643,PHX,62,113,True,8.0,5.0,3.0,1.0,8.0,8.0,20.0,2.0,6.0,9.0,14.0,9.0
644,DET,46,109,False,13.0,24.0,12.0,13.0,4.0,20.0,22.0,9.0,14.0,16.0,23.0,14.0
645,GSW,50,113,True,21.0,30.0,4.0,2.0,23.0,27.0,26.0,1.0,26.0,25.0,28.0,4.0
646,MEM,58,127,False,7.0,1.0,27.0,30.0,9.0,1.0,28.0,29.0,16.0,1.0,25.0,25.0
647,LAL,59,113,True,6.0,11.0,2.0,29.0,20.0,13.0,3.0,27.0,21.0,10.0,2.0,28.0
648,TOR,57,130,False,19.0,27.0,25.0,8.0,29.0,26.0,16.0,3.0,25.0,19.0,13.0,7.0
649,SAC,77,135,True,16.0,14.0,19.0,18.0,21.0,4.0,19.0,28.0,23.0,3.0,9.0,30.0
650,MIL,64,125,False,28.0,2.0,6.0,14.0,24.0,6.0,9.0,11.0,22.0,4.0,7.0,18.0
651,SAS,59,121,True,17.0,16.0,15.0,5.0,15.0,17.0,10.0,7.0,18.0,18.0,27.0,2.0
652,DEN,70,130,False,13.0,24.0,12.0,13.0,4.0,20.0,22.0,9.0,14.0,16.0,23.0,14.0
653,GSW,63,127,True,14.0,12.0,21.0,4.0,7.0,19.0,21.0,8.0,7.0,20.0,26.0,10.0
654,WAS,55,101,False,11.0,7.0,23.0,19.0,3.0,2.0,23.0,17.0,3.0,6.0,10.0,8.0
655,CLE,67,140,True,25.0,18.0,24.0,20.0,25.0,21.0,24.0,21.0,9.0,21.0,12.0,26.0
656,MIL,68,130,False,26.0,9.0,5.0,11.0,18.0,18.0,7.0,26.0,27.0,28.0,4.0,19.0
657,IND,66,142,True,17.0,16.0,15.0,5.0,15.0,17.0,10.0,7.0,18.0,18.0,27.0,2.0
658,OKC,59,138,False,20.0,10.0,29.0,27.0,28.0,9.0,27.0,18.0,29.0,13.0,18.0,17.0
659,ATL,76,141,True,9.0,13.0,7.0,23.0,10.0,7.0,6.0,24.0,4.0,11.0,3.0,23.0
660,BKN,50,101,False,12.0,26.0,20.0,17.0,14.0,25.0,12.0,10.0,15.0,24.0,11.0,15.0
661,HOU,49,112,True,27.0,19.0,14.0,24.0,26.0,22.0,15.0,22.0,10.0,26.0,17.0,20.0
662,TOR,62,116,False,6.0,11.0,2.0,29.0,20.0,13.0,3.0,27.0,21.0,10.0,2.0,28.0
663,MEM,48,111,True,16.0,14.0,19.0,18.0,21.0,4.0,19.0,28.0,23.0,3.0,9.0,30.0
664,NOP,59,117,False,2.0,29.0,8.0,21.0,1.0,30.0,4.0,11.0,2.0,29.0,6.0,1.0
665,MIN,46,106,True,18.0,22.0,1.0,22.0,12.0,16.0,1.0,20.0,12.0,12.0,5.0,13.0
666,CHI,55,100,False,29.0,20.0,10.0,7.0,27.0,14.0,5.0,6.0,5.0,5.0,19.0,5.0
667,NYK,51,116,True,24.0,21.0,26.0,12.0,16.0,24.0,8.0,13.0,20.0,14.0,22.0,6.0
668,POR,47,97,False,1.0,4.0,16.0,15.0,5.0,11.0,25.0,14.0,13.0,23.0,24.0,21.0
669,DAL,78,126,True,22.0,28.0,17.0,28.0,11.0,23.0,13.0,30.0,24.0,27.0,16.0,27.0
670,LAC,70,131,False,4.0,15.0,12.0,26.0,6.0,10.0,14.0,23.0,8.0,7.0,21.0,22.0
671,PHX,51,122,True,15.0,3.0,22.0,25.0,13.0,3.0,17.0,25.0,11.0,8.0,15.0,24.0
672,DET,68,148,False,30.0,17.0,30.0,10.0,30.0,12.0,30.0,15.0,28.0,15.0,29.0,11.0
673,UTA,66,154,True,21.0,30.0,4.0,2.0,23.0,27.0,26.0,1.0,26.0,25.0,28.0,4.0
674,MIA,53,110,False,7.0,1.0,27.0,30.0,9.0,1.0,28.0,29.0,16.0,1.0,25.0,25.0
675,LAL,45,96,True,8.0,5.0,3.0,1.0,8.0,8.0,20.0,2.0,6.0,9.0,14.0,9.0
676,ORL,55,135,False,19.0,27.0,25.0,8.0,29.0,26.0,16.0,3.0,25.0,19.0,13.0,7.0
677,SAC,67,138,True,23.0,23.0,11.0,16.0,19.0,29.0,2.0,5.0,17.0,22.0,1.0,16.0
678,CHI,42,97,False,10.0,25.0,9.0,9.0,22.0,28.0,18.0,16.0,19.0,30.0,8.0,29.0
679,PHI,73,110,True,24.0,21.0,26.0,12.0,16.0,24.0,8.0,13.0,20.0,14.0,22.0,6.0
680,SAS,40,98,False,6.0,11.0,2.0,29.0,20.0,13.0,3.0,27.0,21.0,10.0,2.0,28.0
681,MEM,47,106,True,28.0,2.0,6.0,14.0,24.0,6.0,9.0,11.0,22.0,4.0,7.0,18.0
682,BKN,34,85,False,18.0,22.0,1.0,22.0,12.0,16.0,1.0,20.0,12.0,12.0,5.0,13.0
683,NOP,59,112,True,27.0,19.0,14.0,24.0,26.0,22.0,15.0,22.0,10.0,26.0,17.0,20.0
684,BOS,61,123,False,9.0,13.0,7.0,23.0,10.0,7.0,6.0,24.0,4.0,11.0,3.0,23.0
685,OKC,58,127,True,5.0,6.0,28.0,3.0,2.0,5.0,29.0,19.0,1.0,2.0,30.0,12.0
686,ORL,55,115,False,13.0,24.0,12.0,13.0,4.0,20.0,22.0,9.0,14.0,16.0,23.0,14.0
687,GSW,55,121,True,23.0,23.0,11.0,16.0,19.0,29.0,2.0,5.0,17.0,22.0,1.0,16.0
688,CHA,45,111,False,19.0,27.0,25.0,8.0,29.0,26.0,16.0,3.0,25.0,19.0,13.0,7.0
689,SAC,50,104,True,3.0,8.0,18.0,6.0,17.0,15.0,11.0,4.0,30.0,17.0,20.0,3.0
690,MIN,49,106,False,29.0,20.0,10.0,7.0,27.0,14.0,5.0,6.0,5.0,5.0,19.0,5.0
691,NYK,61,112,True,2.0,29.0,8.0,21.0,1.0,30.0,4.0,11.0,2.0,29.0,6.0,1.0
692,CLE,59,121,False,16.0,14.0,19.0,18.0,21.0,4.0,19.0,28.0,23.0,3.0,9.0,30.0
693,TOR,67,124,True,11.0,7.0,23.0,19.0,3.0,2.0,23.0,17.0,3.0,6.0,10.0,8.0
694,DET,55,113,False,12.0,26.0,20.0,17.0,14.0,25.0,12.0,10.0,15.0,24.0,11.0,15.0
695,HOU,59,136,True,21.0,30.0,4.0,2.0,23.0,27.0,26.0,1.0,26.0,25.0,28.0,4.0
696,IND,56,122,False,17.0,16.0,15.0,5.0,15.0,17.0,10.0,7.0,18.0,18.0,27.0,2.0
697,MIL,62,113,True,26.0,9.0,5.0,11.0,18.0,18.0,7.0,26.0,27.0,28.0,4.0,19.0
698,CHA,49,93,False,14.0,12.0,21.0,4.0,7.0,19.0,21.0,8.0,7.0,20.0,26.0,10.0
699,DEN,49,111,True,3.0,8.0,18.0,6.0,17.0,15.0,11.0,4.0,30.0,17.0,20.0,3.0
700,POR,47,88,False,4.0,15.0,12.0,26.0,6.0,10.0,14.0,23.0,8.0,7.0,21.0,22.0
701,PHX,55,109,True,22.0,28.0,17.0,28.0,11.0,23.0,13.0,30.0,24.0,27.0,16.0,27.0
702,DAL,55,90,False,30.0,17.0,30.0,10.0,30.0,12.0,30.0,15.0,28.0,15.0,29.0,11.0
703,UTA,62,127,True,1.0,4.0,16.0,15.0,5.0,11.0,25.0,14.0,13.0,23.0,24.0,21.0
704,MIA,58,104,False,15.0,3.0,22.0,25.0,13.0,3.0,17.0,25.0,11.0,8.0,15.0,24.0
705,LAC,59,121,True,8.0,5.0,3.0,1.0,8.0,8.0,20.0,2.0,6.0,9.0,14.0,9.0
706,ATL,70,130,False,25.0,18.0,24.0,20.0,25.0,21.0,24.0,21.0,9.0,21.0,12.0,26.0
707,WAS,58,126,True,20.0,10.0,29.0,27.0,28.0,9.0,27.0,18.0,29.0,13.0,18.0,17.0
708,LAL,57,109,False,18.0,22.0,1.0,22.0,12.0,16.0,1.0,20.0,12.0,12.0,5.0,13.0
709,NOP,74,129,True,7.0,1.0,27.0,30.0,9.0,1.0,28.0,29.0,16.0,1.0,25.0,25.0
710,BKN,56,108,False,9.0,13.0,7.0,23.0,10.0,7.0,6.0,24.0,4.0,11.0,3.0,23.0
711,OKC,59,124,True,27.0,19.0,14.0,24.0,26.0,22.0,15.0,22.0,10.0,26.0,17.0,20.0
712,BOS,65,134,False,28.0,2.0,6.0,14.0,24.0,6.0,9.0,11.0,22.0,4.0,7.0,18.0
713,SAS,53,101,True,5.0,6.0,28.0,3.0,2.0,5.0,29.0,19.0,1.0,2.0,30.0,12.0
714,SAC,70,123,False,6.0,11.0,2.0,29.0,20.0,13.0,3.0,27.0,21.0,10.0,2.0,28.0
715,MEM,58,92,True,19.0,27.0,25.0,8.0,29.0,26.0,16.0,3.0,25.0,19.0,13.0,7.0
716,ORL,58,107,False,4.0,15.0,12.0,26.0,6.0,10.0,14.0,23.0,8.0,7.0,21.0,22.0
717,PHX,67,112,True,23.0,23.0,11.0,16.0,19.0,29.0,2.0,5.0,17.0,22.0,1.0,16.0
718,MIA,53,109,False,30.0,17.0,30.0,10.0,30.0,12.0,30.0,15.0,28.0,15.0,29.0,11.0
719,UTA,54,117,True,8.0,5.0,3.0,1.0,8.0,8.0,20.0,2.0,6.0,9.0,14.0,9.0
720,TOR,44,127,False,21.0,30.0,4.0,2.0,23.0,27.0,26.0,1.0,26.0,25.0,28.0,4.0
721,DET,52,129,True,16.0,14.0,19.0,18.0,21.0,4.0,19.0,28.0,23.0,3.0,9.0,30.0
722,NYK,62,126,False,26.0,9.0,5.0,11.0,18.0,18.0,7.0,26.0,27.0,28.0,4.0,19.0
723,IND,64,140,True,29.0,20.0,10.0,7.0,27.0,14.0,5.0,6.0,5.0,5.0,19.0,5.0
724,PHI,48,92,False,24.0,21.0,26.0,12.0,16.0,24.0,8.0,13.0,20.0,14.0,22.0,6.0
725,CHI,56,105,True,10.0,25.0,9.0,9.0,22.0,28.0,18.0,16.0,19.0,30.0,8.0,29.0
726,LAL,57,106,False,2.0,29.0,8.0,21.0,1.0,30.0,4.0,11.0,2.0,29.0,6.0,1.0
727,MIN,61,108,True,7.0,1.0,27.0,30.0,9.0,1.0,28.0,29.0,16.0,1.0,25.0,25.0
728,DAL,63,132,False,13.0,24.0,12.0,13.0,4.0,20.0,22.0,9.0,14.0,16.0,23.0,14.0
729,GSW,54,122,True,1.0,4.0,16.0,15.0,5.0,11.0,25.0,14.0,13.0,23.0,24.0,21.0
730,NYK,44,108,False,23.0,23.0,11.0,16.0,19.0,29.0,2.0,5.0,17.0,22.0,1.0,16.0
731,ORL,55,117,True,29.0,20.0,10.0,7.0,27.0,14.0,5.0,6.0,5.0,5.0,19.0,5.0
732,BKN,53,104,False,25.0,18.0,24.0,20.0,25.0,21.0,24.0,21.0,9.0,21.0,12.0,26.0
733,WAS,54,110,True,27.0,19.0,14.0,24.0,26.0,22.0,15.0,22.0,10.0,26.0,17.0,20.0
734,SAC,53,117,False,20.0,10.0,29.0,27.0,28.0,9.0,27.0,18.0,29.0,13.0,18.0,17.0
735,ATL,71,110,True,19.0,27.0,25.0,8.0,29.0,26.0,16.0,3.0,25.0,19.0,13.0,7.0
736,TOR,53,118,False,5.0,6.0,28.0,3.0,2.0,5.0,29.0,19.0,1.0,2.0,30.0,12.0
737,BOS,68,120,True,16.0,14.0,19.0,18.0,21.0,4.0,19.0,28.0,23.0,3.0,9.0,30.0
738,MIL,52,119,False,11.0,7.0,23.0,19.0,3.0,2.0,23.0,17.0,3.0,6.0,10.0,8.0
739,CLE,59,111,True,17.0,16.0,15.0,5.0,15.0,17.0,10.0,7.0,18.0,18.0,27.0,2.0
740,PHI,62,131,False,12.0,26.0,20.0,17.0,14.0,25.0,12.0,10.0,15.0,24.0,11.0,15.0
741,HOU,63,127,True,10.0,25.0,9.0,9.0,22.0,28.0,18.0,16.0,19.0,30.0,8.0,29.0
742,OKC,54,119,False,14.0,12.0,21.0,4.0,7.0,19.0,21.0,8.0,7.0,20.0,26.0,10.0
743,DEN,48,93,True,9.0,13.0,7.0,23.0,10.0,7.0,6.0,24.0,4.0,11.0,3.0,23.0
744,CHA,58,119,False,4.0,15.0,12.0,26.0,6.0,10.0,14.0,23.0,8.0,7.0,21.0,22.0
745,PHX,68,133,True,3.0,8.0,18.0,6.0,17.0,15.0,11.0,4.0,30.0,17.0,20.0,3.0
746,SAS,56,128,False,22.0,28.0,17.0,28.0,11.0,23.0,13.0,30.0,24.0,27.0,16.0,27.0
747,POR,71,134,True,28.0,2.0,6.0,14.0,24.0,6.0,9.0,11.0,22.0,4.0,7.0,18.0
748,MEM,54,106,False,15.0,3.0,22.0,25.0,13.0,3.0,17.0,25.0,11.0,8.0,15.0,24.0
749,LAC,59,117,True,6.0,11.0,2.0,29.0,20.0,13.0,3.0,27.0,21.0,10.0,2.0,28.0
750,DET,66,122,False,5.0,6.0,28.0,3.0,2.0,5.0,29.0,19.0,1.0,2.0,30.0,12.0
751,BOS,47,128,True,21.0,30.0,4.0,2.0,23.0,27.0,26.0,1.0,26.0,25.0,28.0,4.0
752,IND,63,120,False,24.0,21.0,26.0,12.0,16.0,24.0,8.0,13.0,20.0,14.0,22.0,6.0
753,CHI,52,104,True,26.0,9.0,5.0,11.0,18.0,18.0,7.0,26.0,27.0,28.0,4.0,19.0
754,DAL,56,110,False,2.0,29.0,8.0,21.0,1.0,30.0,4.0,11.0,2.0,29.0,6.0,1.0
755,MIN,61,118,True,1.0,4.0,16.0,15.0,5.0,11.0,25.0,14.0,13.0,23.0,24.0,21.0
756,UTA,51,105,False,18.0,22.0,1.0,22.0,12.0,16.0,1.0,20.0,12.0,12.0,5.0,13.0
757,NOP,59,112,True,30.0,17.0,30.0,10.0,30.0,12.0,30.0,15.0,28.0,15.0,29.0,11.0
758,MEM,48,105,False,14.0,12.0,21.0,4.0,7.0,19.0,21.0,8.0,7.0,20.0,26.0,10.0
759,DEN,65,142,True,6.0,11.0,2.0,29.0,20.0,13.0,3.0,27.0,21.0,10.0,2.0,28.0
760,MIA,58,114,False,13.0,24.0,12.0,13.0,4.0,20.0,22.0,9.0,14.0,16.0,23.0,14.0
761,GSW,51,102,True,8.0,5.0,3.0,1.0,8.0,8.0,20.0,2.0,6.0,9.0,14.0,9.0
762,SAS,59,118,False,22.0,28.0,17.0,28.0,11.0,23.0,13.0,30.0,24.0,27.0,16.0,27.0
763,POR,45,105,True,28.0,2.0,6.0,14.0,24.0,6.0,9.0,11.0,22.0,4.0,7.0,18.0
764,CHA,57,112,False,7.0,1.0,27.0,30.0,9.0,1.0,28.0,29.0,16.0,1.0,25.0,25.0
765,LAL,58,133,True,3.0,8.0,18.0,6.0,17.0,15.0,11.0,4.0,30.0,17.0,20.0,3.0
766,PHI,52,112,False,23.0,23.0,11.0,16.0,19.0,29.0,2.0,5.0,17.0,22.0,1.0,16.0
767,ORL,46,92,True,10.0,25.0,9.0,9.0,22.0,28.0,18.0,16.0,19.0,30.0,8.0,29.0
768,TOR,59,132,False,25.0,18.0,24.0,20.0,25.0,21.0,24.0,21.0,9.0,21.0,12.0,26.0
769,WAS,50,102,True,16.0,14.0,19.0,18.0,21.0,4.0,19.0,28.0,23.0,3.0,9.0,30.0
770,MIL,66,144,False,27.0,19.0,14.0,24.0,26.0,22.0,15.0,22.0,10.0,26.0,17.0,20.0
771,BKN,59,122,True,17.0,16.0,15.0,5.0,15.0,17.0,10.0,7.0,18.0,18.0,27.0,2.0
772,PHX,73,129,False,12.0,26.0,20.0,17.0,14.0,25.0,12.0,10.0,15.0,24.0,11.0,15.0
773,HOU,55,113,True,4.0,15.0,12.0,26.0,6.0,10.0,14.0,23.0,8.0,7.0,21.0,22.0
774,NYK,60,120,False,9.0,13.0,7.0,23.0,10.0,7.0,6.0,24.0,4.0,11.0,3.0,23.0
775,OKC,69,129,True,29.0,20.0,10.0,7.0,27.0,14.0,5.0,6.0,5.0,5.0,19.0,5.0
776,CLE,54,113,False,1.0,4.0,16.0,15.0,5.0,11.0,25.0,14.0,13.0,23.0,24.0,21.0
777,DAL,69,110,True,11.0,7.0,23.0,19.0,3.0,2.0,23.0,17.0,3.0,6.0,10.0,8.0
778,BKN,61,118,False,21.0,30.0,4.0,2.0,23.0,27.0,26.0,1.0,26.0,25.0,28.0,4.0
779,DET,54,112,True,27.0,19.0,14.0,24.0,26.0,22.0,15.0,22.0,10.0,26.0,17.0,20.0
780,ORL,63,127,False,25.0,18.0,24.0,20.0,25.0,21.0,24.0,21.0,9.0,21.0,12.0,26.0
781,WAS,60,119,True,23.0,23.0,11.0,16.0,19.0,29.0,2.0,5.0,17.0,22.0,1.0,16.0
782,ATL,56,113,False,24.0,21.0,26.0,12.0,16.0,24.0,8.0,13.0,20.0,14.0,22.0,6.0
783,CHI,50,118,True,20.0,10.0,29.0,27.0,28.0,9.0,27.0,18.0,29.0,13.0,18.0,17.0
784,IND,64,123,False,12.0,26.0,20.0,17.0,14.0,25.0,12.0,10.0,15.0,24.0,11.0,15.0
785,HOU,67,117,True,26.0,9.0,5.0,11.0,18.0,18.0,7.0,26.0,27.0,28.0,4.0,19.0
786,MEM,43,116,False,18.0,22.0,1.0,22.0,12.0,16.0,1.0,20.0,12.0,12.0,5.0,13.0
787,NOP,48,115,True,6.0,11.0,2.0,29.0,20.0,13.0,3.0,27.0,21.0,10.0,2.0,28.0
788,MIN,60,106,False,9.0,13.0,7.0,23.0,10.0,7.0,6.0,24.0,4.0,11.0,3.0,23.0
789,OKC,66,129,True,2.0,29.0,8.0,21.0,1.0,30.0,4.0,11.0,2.0,29.0,6.0,1.0
790,UTA,64,130,False,28.0,2.0,6.0,14.0,24.0,6.0,9.0,11.0,22.0,4.0,7.0,18.0
791,SAS,60,118,True,30.0,17.0,30.0,10.0,30.0,12.0,30.0,15.0,28.0,15.0,29.0,11.0
792,SAC,60,113,False,22.0,28.0,17.0,28.0,11.0,23.0,13.0,30.0,24.0,27.0,16.0,27.0
793,POR,67,130,True,19.0,27.0,25.0,8.0,29.0,26.0,16.0,3.0,25.0,19.0,13.0,7.0
794,CHA,50,104,False,15.0,3.0,22.0,25.0,13.0,3.0,17.0,25.0,11.0,8.0,15.0,24.0
795,LAC,55,113,True,3.0,8.0,18.0,6.0,17.0,15.0,11.0,4.0,30.0,17.0,20.0,3.0
796,MIL,51,122,False,29.0,20.0,10.0,7.0,27.0,14.0,5.0,6.0,5.0,5.0,19.0,5.0
797,NYK,62,129,True,17.0,16.0,15.0,5.0,15.0,17.0,10.0,7.0,18.0,18.0,27.0,2.0
798,GSW,54,114,False,14.0,12.0,21.0,4.0,7.0,19.0,21.0,8.0,7.0,20.0,26.0,10.0
799,DEN,53,120,True,13.0,24.0,12.0,13.0,4.0,20.0,22.0,9.0,14.0,16.0,23.0,14.0
800,BOS,58,126,False,7.0,1.0,27.0,30.0,9.0,1.0,28.0,29.0,16.0,1.0,25.0,25.0
801,LAL,57,115,True,5.0,6.0,28.0,3.0,2.0,5.0,29.0,19.0,1.0,2.0,30.0,12.0
802,PHI,49,113,False,8.0,5.0,3.0,1.0,8.0,8.0,20.0,2.0,6.0,9.0,14.0,9.0
803,MIA,63,119,True,10.0,25.0,9.0,9.0,22.0,28.0,18.0,16.0,19.0,30.0,8.0,29.0
804,DAL,64,128,False,4.0,15.0,12.0,26.0,6.0,10.0,14.0,23.0,8.0,7.0,21.0,22.0
805,PHX,54,114,True,1.0,4.0,16.0,15.0,5.0,11.0,25.0,14.0,13.0,23.0,24.0,21.0
